Region,Code,Country,Newspaper,2004.JAN,2004.FEB,2004.MAR,2004.APR,2004.MAY,2004.JUN,2004.JUL,2004.AUG,2004.SEP,2004.OCT,2004.NOV,2004.DEC,2005.JAN,2005.FEB,2005.MAR,2005.APR,2005.MAY,2005.JUN,2005.JUL,2005.AUG,2005.SEP,2005.OCT,2005.NOV,2005.DEC,2006.JAN,2006.FEB,2006.MAR,2006.APR,2006.MAY,2006.JUN,2006.JUL,2006.AUG,2006.SEP,2006.OCT,2006.NOV,2006.DEC,2007.JAN,2007.FEB,2007.MAR,2007.APR,2007.MAY,2007.JUN,2007.JUL,2007.AUG,2007.SEP,2007.OCT,2007.NOV,2007.DEC,2008.JAN,2008.FEB,2008.MAR,2008.APR,2008.MAY,2008.JUN,2008.JUL,2008.AUG,2008.SEP,2008.OCT,2008.NOV,2008.DEC,2009.JAN,2009.FEB,2009.MAR,2009.APR,2009.MAY,2009.JUN,2009.JUL,2009.AUG,2009.SEP,2009.OCT,2009.NOV,2009.DEC,2010.JAN,2010.FEB,2010.MAR,2010.APR,2010.MAY,2010.JUN,2010.JUL,2010.AUG,2010.SEP,2010.OCT,2010.NOV,2010.DEC,2011.JAN,2011.FEB,2011.MAR,2011.APR,2011.MAY,2011.JUN,2011.JUL,2011.AUG,2011.SEP,2011.OCT,2011.NOV,2011.DEC,2012.JAN,2012.FEB,2012.MAR,2012.APR,2012.MAY,2012.JUN,2012.JUL,2012.AUG,2012.SEP,2012.OCT,2012.NOV,2012.DEC,2013.JAN,2013.FEB,2013.MAR,2013.APR,2013.MAY,2013.JUN,2013.JUL,2013.AUG,2013.SEP,2013.OCT,2013.NOV,2013.DEC,2014.JAN,2014.FEB,2014.MAR,2014.APR,2014.MAY,2014.JUN,2014.JUL,2014.AUG,2014.SEP,2014.OCT,2014.NOV,2014.DEC,2015.JAN,2015.FEB,2015.MAR,2015.APR,2015.MAY,2015.JUN,2015.JUL,2015.AUG,2015.SEP,2015.OCT,2015.NOV,2015.DEC,2016.JAN,2016.FEB,2016.MAR,2016.APR,2016.MAY,2016.JUN,2016.JUL,2016.AUG,2016.SEP,2016.OCT,2016.NOV,2016.DEC,2017.JAN,2017.FEB,2017.MAR,2017.APR,2017.MAY,2017.JUN,2017.JUL,2017.AUG,2017.SEP,2017.OCT,2017.NOV,2017.DEC,2018.JAN,2018.FEB,2018.MAR,2018.APR,2018.MAY,2018.JUN,2018.JUL,2018.AUG,2018.SEP,2018.OCT,2018.NOV,2018.DEC,2019.JAN,2019.FEB,2019.MAR,2019.APR,2019.MAY,2019.JUN,2019.JUL,2019.AUG,2019.SEP,2019.OCT,2019.NOV,2019.DEC,2020.JAN,2020.FEB,2020.MAR,2020.APR,2020.MAY,2020.JUN,2020.JUL,2020.AUG,2020.SEP,2020.OCT,2020.NOV,2020.DEC,2021.JAN,2021.FEB,2021.MAR,2021.APR,2021.MAY,2021.JUN,2021.JUL,2021.AUG,2021.SEP,2021.OCT,2021.NOV,2021.DEC,2022.JAN,2022.FEB,2022.MAR,2022.APR,2022.MAY,2022.JUN,2022.JUL,2022.AUG,2022.SEP,2022.OCT,2022.NOV,2022.DEC,2023.JAN,2023.FEB,2023.MAR,2023.APR,2023.MAY,2023.JUN,2023.JUL,2023.AUG,2023.SEP,2023.OCT,2023.NOV,2023.DEC,2024.JAN,2024.FEB,2024.MAR,2024.APR,2024.MAY,2024.JUN,2024.JUL,2024.AUG,2024.SEP,2024.OCT,2024.NOV,2024.DEC,2025.JAN,2025.FEB,2025.MAR,2025.APR,2025.MAY,2025.JUN,2025.JUL,2025.AUG,2025.SEP,2025.OCT,2025.NOV,2025.DEC,2026.JAN,2026.FEB,2026.MAR
Asia,TH,Thailand,Bangkok Post,2,3,5,2,3,6,4,2,0,4,12,7,6,10,14,9,5,4,7,1,13,7,7,17,7,5,2,8,7,6,9,11,7,9,13,18,14,5,23,20,48,42,42,35,46,28,44,44,53,42,47,53,46,42,48,50,44,40,46,39,37,39,58,34,44,35,31,35,71,97,54,109,54,25,36,28,17,31,22,30,30,36,28,38,22,16,29,22,13,16,19,10,14,27,63,25,16,11,24,10,21,18,19,15,19,20,18,16,15,9,16,14,18,28,24,11,14,26,24,11,5,9,17,12,8,10,15,9,23,20,17,13,5,13,12,10,10,18,11,20,19,30,22,42,27,28,36,30,13,17,11,12,22,11,27,16,22,20,16,12,16,29,22,20,15,21,22,16,21,16,16,9,9,18,22,16,27,17,10,26,22,20,13,24,22,19,12,23,33,35,20,33,34,17,13,10,14,15,8,10,16,13,28,14,12,18,13,15,16,22,16,23,33,47,56,29,29,18,33,18,31,40,34,36,51,42,59,36,30,28,26,26,45,41,52,37,26,41,31,43,30,28,37,40,43,44,24,29,42,46,40,40,40,32,22,23,20,24,25,22,20,39,33,25,34,18,17
Asia,PH,Philippines,Philippine Daily Inquirer (Philippines),,,,,,,,,0,2,2,2,10,6,4,1,1,1,2,6,3,5,11,2,5,7,2,2,5,2,1,1,3,5,14,11,30,32,11,28,17,32,36,21,25,22,35,31,21,11,22,30,26,24,21,18,40,48,45,36,47,32,64,53,56,56,49,29,51,123,102,134,50,54,60,42,15,27,36,31,35,44,52,41,49,36,49,30,23,0,0,0,1,14,62,65,26,45,136,65,42,46,32,86,39,42,32,24,14,15,48,15,13,16,13,15,6,12,29,18,25,12,22,35,41,31,22,18,24,34,33,25,36,24,29,12,15,34,20,22,11,50,79,76,41,31,28,21,31,33,28,18,25,27,54,22,16,19,19,13,16,21,22,14,18,12,21,18,15,6,13,12,16,11,11,21,23,21,23,42,21,14,20,18,11,27,26,21,26,25,34,26,39,16,13,12,11,14,14,13,14,20,52,22,19,14,14,12,13,22,18,19,21,52,51,28,33,33,36,21,25,29,34,31,40,33,67,49,28,29,29,26,36,24,26,39,23,32,35,63,27,27,34,43,45,36,38,30,26,28,27,31,25,12,18,20,19,13,7,14,15,13,15,12,11,6,10
Asia,IN,India,Hindu (India),5,4,7,10,15,21,6,7,12,17,11,14,13,10,12,14,17,25,23,15,19,15,19,19,13,14,17,14,19,25,19,13,21,22,30,29,32,29,41,57,41,94,70,66,76,113,105,109,99,86,104,95,80,104,107,119,121,80,81,102,89,107,135,100,74,157,134,127,141,203,195,268,212,193,169,137,116,128,115,93,92,118,108,169,117,120,131,76,59,85,66,65,70,90,86,84,88,100,82,87,67,64,63,64,61,62,57,65,50,63,61,44,35,42,47,59,55,54,76,50,47,52,33,40,48,69,49,42,62,65,85,66,92,74,58,60,43,53,65,55,66,71,112,175,109,67,88,91,67,103,73,64,94,85,58,76,77,71,90,53,94,102,76,65,62,63,65,68,65,73,71,60,60,59,72,77,79,94,68,100,94,57,79,49,80,113,98,106,129,84,101,80,97,88,46,23,25,44,36,49,37,72,61,53,46,100,79,59,49,55,60,76,84,130,121,92,51,89,94,119,113,130,126,135,128,108,151,124,125,109,109,119,106,156,133,124,142,133,121,155,106,121,89,107,111,120,113,157,134,126,140,140,130,122,136,112,100,123,108,106,128,97,126,82,108,128,87
Asia,IN,India,Hindustan Times (India),1,6,2,3,7,11,6,6,10,15,21,31,24,20,14,10,25,18,59,19,54,33,35,23,26,23,38,20,28,37,19,27,34,4,16,15,22,11,12,16,24,29,12,12,16,17,16,28,26,11,17,22,24,19,17,11,7,2,15,7,12,23,3,6,5,14,21,23,31,73,84,133,52,26,26,23,28,31,11,23,22,24,40,46,23,25,24,20,18,20,19,12,20,28,30,41,12,13,15,9,6,21,16,14,9,17,15,17,20,25,21,36,22,27,19,21,31,21,42,23,17,32,12,23,29,38,47,34,75,30,65,34,93,60,55,68,49,48,68,49,75,94,124,210,69,69,65,76,78,104,76,56,78,68,53,64,81,52,68,41,64,102,59,64,118,77,87,101,108,73,97,98,80,115,92,102,92,119,105,138,92,76,110,135,123,239,259,301,350,249,260,209,217,147,126,90,133,117,115,105,111,113,101,123,135,191,180,121,89,154,227,289,347,379,287,206,115,160,181,205,228,233,175,155,181,190,243,149,183,165,233,189,176,207,246,188,202,183,150,208,189,158,108,159,165,185,216,164,164,163,241,167,213,161,158,154,145,138,200,160,170,177,162,122,136,159,127
Asia,IN,India,Indian Express (India),,,,,,,,,,,,,,,,,,,,,,,,,,,,,,,,,,,,,,,,,,,,,,,,1,0,0,0,0,0,0,0,0,0,0,0,0,1,0,13,13,6,14,37,32,23,39,50,106,55,24,13,13,21,21,17,13,8,15,20,45,12,9,12,8,9,30,22,8,9,19,18,27,13,20,13,15,9,24,16,11,9,15,10,17,16,11,9,16,6,16,12,12,8,13,18,4,5,3,3,5,6,9,11,9,20,18,26,29,35,28,6,27,16,40,43,30,61,53,67,118,44,32,22,16,28,48,48,45,51,58,78,27,35,22,24,34,42,117,55,45,56,52,77,27,63,37,19,19,14,29,16,17,20,28,22,41,17,25,18,19,19,39,30,46,71,54,58,51,42,47,19,14,10,21,24,28,26,31,37,38,37,49,33,21,23,29,28,28,52,47,40,26,18,13,21,14,24,12,17,24,17,38,44,20,14,27,44,19,16,21,28,39,53,43,48,31,29,14,10,36,34,31,46,32,40,60,91,34,50,54,46,47,38,45,50,46,43,41,44,31,35,27,30
Asia,JP,Japan,Japan News (formerly Daily Yomiuri / Yomiuri Shimbum - Japan),3,4,5,2,3,5,3,0,6,9,5,5,11,14,9,5,5,2,8,4,7,4,3,1,9,5,4,6,6,3,8,6,3,4,7,6,10,14,11,16,25,29,13,17,24,11,15,23,37,16,22,20,34,31,52,17,15,2,16,8,27,18,6,10,10,7,11,8,29,14,31,33,14,11,9,6,5,5,4,2,4,36,7,6,5,1,3,5,4,3,6,4,3,3,2,7,4,2,1,0,7,2,3,2,4,1,3,2,0,2,3,3,5,5,6,5,4,3,7,2,1,1,10,7,3,0,7,5,10,3,3,7,2,4,5,5,7,7,5,6,6,6,6,15,6,4,4,3,9,2,2,0,5,5,7,3,8,2,3,8,6,5,5,2,4,2,4,2,4,3,3,6,7,5,3,4,7,3,2,5,9,3,4,3,5,6,7,4,7,8,5,8,10,4,1,3,2,4,12,6,6,13,11,20,13,10,15,26,11,10,9,5,13,12,22,8,10,5,5,5,7,5,4,3,7,7,5,3,7,4,5,6,11,13,6,8,8,9,7,23,6,4,4,3,10,4,9,4,7,7,9,6,9,8,17,5,7,5,5,10,5,7,9,8,5,0,6
Asia,KR,South Korea,Korea Times (South Korea),2,0,0,1,2,0,1,0,0,0,3,3,5,4,11,0,5,2,2,1,0,1,3,1,0,0,1,1,0,1,0,3,2,0,1,2,2,4,4,3,7,3,9,19,15,21,22,23,16,15,17,24,18,28,33,28,18,26,24,14,25,30,30,20,54,35,31,25,36,45,38,49,25,26,20,22,19,19,23,14,27,28,26,7,21,14,16,14,17,28,19,12,14,23,16,11,24,21,27,25,21,35,20,22,29,30,23,14,14,12,17,9,14,13,14,18,12,22,21,14,15,10,12,13,14,10,17,5,23,12,16,13,15,8,12,16,11,22,14,5,17,27,27,30,15,8,14,21,17,24,21,12,15,18,12,10,16,13,7,11,14,31,17,10,7,10,18,13,10,12,6,16,9,7,9,18,9,24,21,17,14,19,7,15,19,16,16,15,16,16,12,11,15,7,5,7,11,13,15,11,8,9,17,22,11,14,16,25,33,29,19,11,20,27,35,19,24,13,15,19,28,19,16,14,21,21,18,25,23,16,19,23,33,19,14,11,23,13,16,12,9,7,17,12,15,16,14,11,9,13,21,8,4,7,8,11,12,25,36,28,27,20,15,12,23,8,12
Asia,JP,Japan,Asahi Shimbun,78,65,70,72,55,88,61,70,62,105,115,105,126,173,133,92,113,189,121,82,125,138,121,118,72,79,74,43,65,93,44,66,64,51,67,57,84,131,117,106,157,257,160,204,222,244,257,290,349,271,271,253,346,410,392,244,234,232,208,210,225,235,185,173,184,228,161,167,286,260,287,323,190,222,181,150,155,190,138,134,156,162,154,182,89,104,89,83,132,137,93,57,92,93,118,129,84,85,72,59,82,90,71,68,78,99,94,85,84,54,64,70,80,93,55,50,85,84,126,71,69,58,82,84,59,77,58,47,70,87,100,95,58,67,75,77,72,95,61,61,82,101,118,155,72,88,60,66,84,50,50,51,69,80,112,84,74,57,84,67,87,103,86,76,44,93,109,79,65,50,69,52,50,52,51,56,86,84,79,79,65,57,78,68,97,78,82,65,123,118,158,163,115,133,104,60,49,60,88,87,103,136,155,147,139,108,135,164,102,152,111,111,141,248,210,157,131,109,135,94,77,103,99,81,106,103,155,113,91,101,100,103,109,93,109,74,148,98,79,153,110,101,99,78,97,126,91,104,79,124,163,120,105,113,93,75,91,91,122,93,138,115,138,108,99,102,87
Asia,JP,Japan,Yomiuri Shimbun,89,69,65,47,61,80,53,93,78,95,105,111,95,171,118,108,115,218,133,75,88,123,100,127,72,69,66,56,60,81,65,59,64,52,61,57,91,127,107,102,156,226,141,188,206,230,193,243,300,231,261,233,278,384,381,210,164,194,171,179,172,203,161,152,134,198,165,121,406,215,266,313,178,141,171,110,134,172,116,118,135,161,122,135,94,80,61,67,94,129,96,71,84,91,98,109,76,60,97,53,94,93,51,45,66,85,81,51,93,67,54,58,85,83,44,69,72,88,92,53,54,60,95,79,60,66,72,56,72,60,93,54,61,55,51,50,58,74,81,81,62,76,104,153,79,53,62,60,100,39,39,49,82,79,115,56,60,47,75,59,93,119,77,64,56,62,79,67,64,39,65,37,61,68,68,61,50,72,56,61,80,47,45,61,77,103,60,90,104,104,97,128,121,76,83,47,44,48,72,68,76,105,161,160,168,168,205,215,157,202,164,145,205,296,296,194,181,151,157,147,172,189,177,161,168,160,234,162,167,170,154,156,159,204,170,170,195,131,135,193,124,148,137,143,170,160,154,156,128,169,236,162,190,208,145,134,135,151,130,137,163,143,172,99,84,82,101
Asia,JP,Japan,Mainichi Shimbun,50,51,45,44,61,79,43,68,70,94,86,106,82,197,111,74,94,188,136,79,97,101,94,100,64,77,54,48,62,90,55,60,72,55,68,68,77,106,92,115,140,268,156,176,189,193,197,241,278,267,215,225,336,421,386,213,185,194,163,193,220,212,158,156,175,215,193,157,457,230,284,304,180,148,157,128,160,161,126,127,125,156,142,141,92,97,79,50,114,128,102,61,96,85,94,113,79,64,76,48,90,90,57,55,57,84,80,51,51,55,66,49,75,76,53,80,69,78,100,64,52,51,90,94,62,75,53,51,79,85,89,109,67,72,71,70,67,81,69,51,80,90,142,182,64,51,60,73,79,38,38,47,79,76,124,66,60,57,70,42,91,134,100,66,64,74,100,78,59,43,62,47,61,60,61,65,71,79,72,81,87,66,56,61,85,110,61,72,111,93,139,160,105,95,86,56,34,37,82,54,89,104,127,125,125,91,106,175,98,135,148,93,151,259,225,124,106,125,111,89,90,98,95,116,98,107,151,102,115,102,98,106,103,100,111,103,131,88,89,146,69,79,77,92,112,103,92,87,95,72,144,87,108,86,90,72,82,87,70,85,99,90,127,75,92,64,67
Asia,PH,Philippines,Manila Bulletin (Philippines),3,1,3,4,0,2,1,4,1,4,2,5,3,3,5,3,4,9,5,7,3,6,7,3,2,7,0,5,7,9,4,5,11,4,15,11,16,20,20,43,20,22,31,29,38,46,58,78,45,43,50,72,46,77,40,25,32,60,69,31,36,43,58,46,52,43,57,57,64,148,117,123,97,47,101,85,51,76,75,54,81,77,57,62,67,61,73,55,46,52,53,42,39,62,84,48,44,37,55,42,25,46,48,52,30,34,35,46,47,35,28,37,34,41,41,44,27,6,74,89,43,49,63,84,122,80,69,51,60,68,102,65,69,53,82,66,76,122,74,74,139,134,220,213,114,102,128,155,89,86,61,90,59,90,105,58,67,50,94,69,81,85,36,31,36,29,39,54,33,19,34,27,26,35,38,28,38,29,38,32,18,27,50,39,38,42,40,16,7,11,6,4,5,4,4,3,14,18,56,52,70,78,147,81,60,54,52,77,64,78,93,109,127,131,165,87,71,71,99,103,96,110,135,145,153,178,203,109,105,106,33,119,156,139,136,137,145,115,147,145,92,73,88,94,61,72,77,62,84,100,92,67,54,41,53,59,7,46,74,48,50,36,63,28,20,23,19
Asia,MY,Malaysia,New Straits Times (Malaysia),4,7,4,2,10,6,2,3,1,4,7,6,3,8,6,5,4,5,4,6,14,6,5,5,2,2,0,10,2,6,6,8,8,9,7,10,23,28,24,28,29,45,32,15,30,16,32,43,29,14,15,36,25,34,30,15,27,18,25,21,19,14,36,30,27,22,20,29,12,37,49,45,28,15,25,24,25,24,23,13,13,20,20,18,7,8,33,10,13,20,16,16,17,26,12,20,14,11,19,23,20,20,5,10,9,17,21,11,13,11,14,6,9,7,9,11,11,8,16,16,16,9,14,16,9,15,12,5,10,22,22,12,26,8,14,18,8,11,5,13,7,22,21,19,11,21,19,17,19,14,15,11,13,17,20,12,5,9,4,11,6,4,10,7,6,10,20,10,7,7,8,9,6,3,17,12,19,29,14,19,11,18,23,22,22,19,35,18,37,32,28,23,23,18,16,7,4,10,7,9,12,19,21,20,16,17,23,21,10,16,18,17,23,21,32,27,30,20,26,23,24,27,24,26,31,16,17,32,11,13,26,28,26,22,25,22,29,41,21,26,14,11,14,14,14,12,10,19,11,17,16,14,12,12,11,14,15,12,22,9,14,12,13,11,5,7,4
Asia,HK,Hong Kong,South China Morning Post (China),1,5,2,2,8,13,7,16,15,12,8,16,9,16,6,16,8,11,23,19,16,17,10,14,15,9,7,17,16,23,23,18,53,52,78,33,30,66,55,42,76,59,53,39,57,51,67,78,36,25,60,63,45,48,54,28,39,71,45,36,33,42,47,25,22,39,44,21,39,40,73,74,38,22,32,21,20,17,11,9,29,33,40,28,30,16,22,15,16,26,10,12,8,18,25,14,7,20,14,10,7,7,8,11,11,10,18,14,13,3,7,10,14,19,13,9,19,16,18,20,9,16,12,22,21,31,21,9,25,17,42,21,19,12,18,9,17,16,14,11,21,19,39,34,37,14,25,10,13,18,15,23,28,19,31,22,28,10,15,23,22,34,21,18,40,36,23,23,20,13,19,13,17,19,16,21,33,35,19,30,19,20,23,26,20,38,33,23,32,40,39,42,40,27,25,25,22,26,29,25,36,40,77,59,53,61,95,110,45,40,65,42,65,85,120,74,94,49,43,65,110,82,91,120,77,97,111,76,64,62,71,73,74,83,97,74,110,87,125,106,55,47,73,86,88,74,60,78,73,55,76,52,56,34,39,32,31,28,52,59,55,43,46,39,36,26,21
Asia,SG,Singapore,Straits Times (Singapore),2,3,4,3,4,13,6,3,3,7,6,5,5,6,7,4,5,3,6,3,3,9,9,7,2,6,5,11,8,11,7,9,13,15,9,17,24,39,43,81,48,78,41,70,55,59,80,107,38,38,33,44,36,49,36,38,34,26,38,43,35,30,46,28,33,36,45,37,25,62,120,125,48,38,42,30,34,37,48,22,26,30,33,35,37,17,16,15,20,33,15,6,17,31,26,29,14,21,25,15,11,15,20,10,18,17,13,19,13,12,14,24,14,23,26,19,15,25,32,18,24,23,33,31,20,18,17,16,34,26,49,25,29,17,25,24,36,44,57,33,47,55,64,108,37,40,49,41,39,37,43,31,41,49,76,41,36,43,48,33,40,79,59,43,57,56,62,63,124,57,85,95,53,50,95,53,72,131,147,119,111,123,151,106,90,120,98,214,282,198,166,190,180,156,145,63,65,132,100,93,123,151,218,116,221,237,292,311,216,173,206,192,338,329,446,131,245,156,205,248,216,287,258,276,284,242,360,194,194,170,247,181,170,196,194,169,255,197,241,232,170,128,154,156,203,155,182,156,184,189,196,112,183,155,134,111,187,154,139,118,156,190,161,104,54,47,70
Asia,TH,Thailand,The Nation (Thailand),2,5,4,2,4,6,1,3,4,3,11,2,6,6,3,5,4,9,7,9,9,9,6,8,5,8,4,5,8,6,2,6,5,4,8,13,5,9,14,17,34,27,36,31,27,22,51,53,29,21,18,52,39,25,20,13,12,13,19,6,8,16,15,16,14,13,12,16,26,53,21,42,26,38,46,33,23,53,62,77,60,60,55,60,38,52,50,61,42,53,34,39,52,25,32,43,25,29,34,21,30,31,24,19,33,30,31,21,24,15,25,15,41,34,39,24,29,34,38,31,9,31,17,20,20,14,30,20,31,33,44,21,25,26,29,18,28,37,35,27,50,36,51,73,37,36,36,32,21,18,12,10,21,17,36,22,22,12,17,21,24,30,16,12,17,16,12,15,15,16,8,12,18,19,14,12,19,20,11,24,14,12,12,14,26,17,3,1,2,3,19,30,43,50,24,22,12,16,23,21,26,27,47,20,30,25,36,34,22,22,23,21,19,42,77,17,16,9,17,17,24,33,26,45,41,38,54,32,23,18,43,23,42,35,33,40,50,23,30,48,31,26,30,34,19,23,17,13,33,18,27,28,19,10,19,23,18,12,9,15,,,,,,,
Asia,IN,India,Times of India (India),4,2,3,2,4,1,4,2,6,1,2,2,5,7,2,1,0,6,9,5,9,7,3,10,5,7,2,0,4,0,4,7,2,7,8,11,10,15,12,18,34,42,53,26,19,50,38,47,21,20,14,16,27,28,27,30,53,53,82,94,101,102,107,85,90,122,132,91,123,132,157,184,78,68,47,27,30,42,40,40,26,51,43,66,72,55,60,38,33,64,37,28,53,41,60,68,45,61,55,51,45,87,66,62,61,65,62,84,48,49,75,67,41,70,52,52,65,54,66,36,54,50,52,30,35,41,63,61,87,51,85,82,94,87,97,71,75,88,108,68,101,110,118,219,127,80,79,95,104,94,97,84,74,98,101,101,73,96,80,92,110,117,87,98,84,104,129,109,117,88,114,102,105,95,96,89,98,98,84,144,120,103,105,89,107,157,187,191,260,201,247,188,183,166,94,63,54,115,94,122,71,119,110,131,96,159,127,75,79,138,121,134,156,170,167,124,80,88,130,121,174,139,129,116,150,190,165,165,152,197,208,170,159,178,185,187,156,178,119,137,114,110,103,98,103,220,223,232,210,155,206,143,189,171,174,142,144,149,186,150,178,185,173,129,160,144,130
Asia,ID,Indonesia,Jakarta Post (Indonesia),4,3,1,3,3,10,6,5,1,3,4,4,7,11,3,0,1,2,7,1,1,4,4,8,6,5,4,16,8,5,9,5,10,3,18,9,7,22,20,25,39,35,40,38,66,74,140,260,47,32,31,49,44,52,38,35,20,38,54,50,27,50,42,37,98,54,39,45,41,75,76,126,55,60,69,55,62,53,50,38,34,49,62,63,56,44,40,39,41,35,29,20,23,34,33,20,15,12,22,21,12,35,16,10,22,30,27,11,8,18,16,23,13,20,15,13,25,19,22,7,13,14,15,19,16,20,15,16,22,14,28,16,22,15,18,20,10,19,14,23,36,34,37,47,13,14,18,24,15,11,17,7,15,30,32,18,15,19,15,12,21,23,17,12,22,22,26,16,12,10,8,20,23,19,20,11,25,46,28,26,15,18,19,16,16,19,27,16,21,28,18,29,20,21,11,10,10,13,15,13,25,27,29,24,22,19,17,33,15,26,22,33,35,39,71,42,29,23,26,30,22,40,19,26,31,29,70,31,20,15,31,15,34,32,39,51,31,31,33,52,27,25,25,21,35,26,26,12,23,34,32,24,19,23,14,9,17,16,22,10,14,21,26,24,14,14,8
Asia,VN,Vietnam,Saigon Times Daily (Vietnam),0,0,0,0,0,0,0,0,1,4,0,1,0,0,0,0,0,1,0,0,0,1,1,2,1,0,0,0,0,0,0,0,1,1,1,1,7,4,6,3,5,6,1,9,2,4,9,10,7,2,3,6,6,7,3,4,5,4,8,5,2,6,6,2,8,7,4,9,17,9,24,17,9,6,11,9,7,7,8,11,7,8,11,12,2,5,14,3,10,11,6,6,5,9,20,4,2,5,11,8,3,13,10,11,13,5,24,7,6,3,6,10,7,13,4,2,10,11,18,6,3,5,10,7,3,13,5,9,10,12,10,6,7,6,6,6,3,7,8,7,7,6,15,14,3,3,14,18,25,17,10,12,21,18,23,13,7,11,19,11,13,7,12,13,9,10,16,9,9,6,10,3,8,13,13,13,9,11,11,10,7,4,10,6,5,10,6,7,13,11,17,11,6,6,4,2,1,3,2,3,3,5,11,5,7,1,3,5,4,0,2,2,3,6,18,7,9,4,8,3,11,8,5,4,5,11,11,11,10,7,6,9,8,6,12,14,14,4,11,6,4,2,9,1,9,8,3,6,7,16,8,2,7,4,5,7,8,3,2,6,11,18,4,2,2,5,7
Asia,MY,Malaysia,The Malaysian Reserve,,,,,,,,,,,,,,,,,,,,,,,,,,,,,,,,,,,,,,,,,,2,0,0,0,4,1,0,1,0,0,0,1,1,0,0,1,0,1,0,0,1,2,1,1,1,0,0,0,1,1,2,1,1,2,1,1,2,1,0,1,2,2,0,0,0,1,0,0,0,0,0,1,0,0,1,1,0,0,1,1,0,1,0,1,1,1,4,3,1,2,2,2,4,1,0,2,0,0,1,2,3,8,7,1,6,0,1,1,0,1,1,0,1,0,3,1,0,2,1,0,0,6,5,1,1,4,1,2,0,0,2,4,0,3,0,3,1,2,2,2,1,3,3,2,3,2,1,0,3,1,1,3,1,6,3,7,17,6,6,1,3,9,17,8,0,17,15,24,15,8,5,10,16,4,1,0,1,3,2,7,6,4,10,6,2,4,10,5,9,11,6,16,16,16,16,8,14,16,11,6,4,12,5,3,3,6,16,11,10,3,4,13,4,10,7,1,7,7,7,3,4,2,2,3,0,2,1,3,9,3,0,1,2,1,0,4,2,6,6,3,1,1,1,0,0,0
Asia,SG,Singapore,Today (Singapore),,,,,,,,,,,,,,,,,,,,,,,,,,,,,,,,,,,,,,,,,,23,37,22,27,26,45,36,22,15,17,18,10,32,26,11,11,11,14,18,8,16,16,11,18,14,24,11,17,33,61,81,20,12,18,15,15,22,24,20,11,15,27,23,9,7,16,11,9,19,10,12,14,17,28,16,14,15,33,12,10,15,10,8,9,8,12,11,4,7,6,4,5,12,12,7,13,11,25,10,5,11,13,16,12,9,13,4,17,8,20,21,15,8,8,11,13,15,16,20,24,26,31,66,21,16,11,33,15,21,17,12,17,16,22,12,22,12,14,11,15,25,21,2,5,3,5,17,3,5,4,5,2,1,1,5,1,5,2,5,6,17,8,2,7,4,11,23,20,9,9,15,9,13,5,2,3,3,4,3,6,10,9,8,4,11,3,3,2,1,4,8,3,5,5,2,4,6,4,1,1,2,7,4,3,3,9,2,3,0,3,4,7,3,1,7,8,2,1,5,7,2,6,5,4,0,2,1,2,0,0,0,0,0,,,,,,,,,,,,,
Asia,LK,Sri Lanka,The Daily Mirror (Srilanka),,,,,,,,,,,,,,,,,,,,,,,,,,,,,,,,,,,,,,,,,,,,,,,,,,,,,28,38,34,32,24,7,4,0,2,5,11,5,7,16,17,3,9,22,17,24,10,13,14,20,18,11,11,8,10,11,22,17,21,17,32,7,8,11,8,11,4,5,6,4,2,0,6,4,4,6,3,2,1,2,5,3,3,3,3,3,2,14,13,11,13,11,12,8,8,6,7,6,4,12,7,2,6,7,13,6,12,10,7,9,10,15,10,8,9,7,15,23,13,10,23,13,7,10,4,4,6,4,5,5,3,3,3,5,2,7,4,9,11,12,1,8,6,5,10,5,5,5,8,7,15,6,3,5,5,8,2,7,4,4,7,7,14,31,15,34,21,24,16,13,16,7,13,12,10,5,8,7,13,6,10,12,14,20,10,10,20,16,23,13,17,10,10,9,8,4,6,6,17,21,22,20,13,19,11,11,15,15,14,23,12,9,14,17,10,14,17,16,20,8,3,8,9,8,13,15,12,8,5,12,7,2,0,1,8,12,1,6,4,2,2
Asia,LK,Sri Lanka,The Daily News (Srilanka),,,,,,,,,,,,,,,,,,,,,,,,,,,,,,,,,,,,,,,,,,,,,,,,,,,,,,,,,,,17,0,3,7,15,19,16,35,22,11,25,29,20,29,19,21,20,19,19,24,14,15,23,27,37,18,34,26,26,25,8,19,12,16,12,20,31,28,9,6,21,12,13,17,11,9,13,18,12,14,8,6,16,9,11,16,9,4,11,7,9,9,9,8,6,9,13,26,10,11,13,6,10,7,5,9,7,10,6,14,8,4,15,13,10,7,8,6,11,19,19,15,19,6,11,16,9,13,9,5,9,6,10,17,9,10,13,14,4,7,6,10,6,9,12,9,5,15,14,21,10,10,16,12,17,10,7,10,11,9,11,18,17,12,14,12,5,9,2,11,8,0,11,13,12,18,14,7,15,17,14,27,13,18,25,37,38,16,13,18,19,17,11,11,8,8,11,14,24,21,14,21,15,12,17,22,7,25,23,20,23,23,24,23,13,15,35,10,29,16,4,8,6,6,13,7,6,8,5,2,1,6,5,3,5,6,4,2,6
Asia,BD,Bangladesh,The New Nation (Bangladesh),,,,,,,,,,,,,,,,,,,,,,,,,,,,,,,,,,,,,,,,,,,,,,,,,,,,,,,,,,,,,,,,,,,,,,,,,,,,,,,,,,,,,18,8,24,18,19,36,17,7,12,28,23,21,14,12,18,16,21,20,17,10,24,8,17,13,15,13,13,14,12,26,16,13,8,21,12,8,8,8,10,24,21,28,13,16,14,13,20,18,22,28,13,17,20,24,17,14,5,13,15,23,14,17,11,11,13,7,8,11,6,19,26,20,21,14,15,24,20,12,21,11,6,8,15,12,17,10,5,11,15,12,18,12,15,12,15,14,25,18,17,5,6,13,19,12,22,16,13,20,14,12,8,5,6,14,28,13,19,9,11,15,15,0,21,32,24,27,11,13,23,37,38,30,24,28,38,27,27,39,41,23,55,42,58,32,40,31,30,11,28,39,27,23,41,31,23,24,27,26,40,39,41,11,32,38,50,67,56,42,36,34,37,39,32,32,30,44,54,73,58,37,7,1,4
Asia,PK,Pakistan,The Nation (Pakistan),,,,,,2,2,2,4,6,0,1,6,6,1,1,5,1,4,1,4,1,3,6,4,2,4,2,2,2,5,3,4,0,5,1,4,2,0,3,2,8,3,2,4,5,6,3,9,6,4,5,5,7,2,5,7,2,8,5,6,0,7,8,8,6,8,6,3,4,8,13,13,8,16,16,3,14,11,15,3,14,10,10,6,3,16,15,7,12,5,8,12,7,9,4,4,4,13,14,15,17,8,9,8,12,22,20,14,19,22,11,14,21,18,11,11,9,15,26,7,8,15,13,10,13,7,7,16,16,14,12,11,21,31,23,15,31,34,32,21,35,43,49,28,31,55,32,24,39,17,17,24,32,43,22,28,25,35,31,28,37,21,22,29,26,29,25,26,31,30,32,19,24,20,34,41,43,38,42,33,24,34,24,18,29,26,43,47,38,58,31,34,31,22,21,25,28,32,43,48,85,39,43,39,41,46,56,36,87,46,57,54,68,68,44,42,30,29,32,51,64,55,71,159,113,106,93,82,66,72,53,67,106,68,48,62,48,67,62,32,32,77,54,77,64,69,77,91,123,144,98,115,116,91,92,94,102,100,147,126,77,68,55,69,59,51
Asia,PK,Pakistan,Dawn (Pakistan),,,,,,,,,,,,,,,,,,,,,,,,,,,,,,,,,,,,,,,,,,,,,,,,,,,,,,,,,,,,,,,,,,,,,,,,,,,,,,,,,,,,,,,,,,,,,,,,,,,,,,,,,,,,7,25,13,11,20,11,15,17,22,20,49,38,103,57,13,34,11,25,26,24,19,25,18,23,20,12,16,28,32,33,49,54,41,24,44,51,93,41,51,52,42,38,51,22,31,33,49,51,38,32,30,43,28,44,44,42,32,39,58,47,28,40,32,50,40,42,45,39,42,49,55,35,45,43,41,55,51,42,37,41,56,68,80,69,67,73,59,47,33,32,36,61,54,63,46,47,67,48,46,62,42,42,63,45,72,41,97,52,48,55,53,50,42,77,90,68,103,210,158,120,130,91,93,104,72,94,122,109,87,94,80,111,107,78,63,93,96,92,101,113,139,104,137,163,148,126,157,113,112,103,122,105,168,147,118,118,102,77,75,77
Asia,KR,South Korea,Chosun Ilbo,16,5,4,6,10,8,8,10,7,8,11,15,13,18,15,12,13,10,12,16,13,13,5,10,6,4,9,12,8,19,11,12,17,6,7,9,35,54,54,42,49,51,47,40,67,73,75,85,74,64,69,79,85,130,92,71,71,68,73,69,66,81,101,90,87,111,111,108,151,122,140,191,163,84,131,147,114,93,97,82,91,94,114,86,99,98,78,70,74,74,53,65,61,64,55,78,48,51,60,71,63,63,48,83,53,83,84,62,66,36,50,56,66,88,56,72,82,60,116,57,72,45,50,63,40,52,62,40,88,45,53,51,48,34,54,58,53,93,53,46,71,58,110,122,74,59,66,73,67,76,58,87,71,67,87,93,64,56,71,53,56,118,97,59,61,55,41,63,20,11,15,13,14,18,16,30,12,22,37,23,30,14,30,27,33,33,32,23,33,40,29,50,49,35,24,38,33,46,31,58,49,33,44,24,27,46,42,48,56,48,58,48,52,63,81,43,31,22,31,25,37,41,47,60,55,27,50,32,41,16,36,44,42,60,83,64,38,32,34,45,39,22,38,35,33,49,39,38,32,39,34,20,38,20,30,39,26,20,52,32,44,29,62,17,29,11,10
Asia,KR,South Korea,Dong-a Ilbo,3,1,2,6,5,9,3,6,3,6,5,3,9,8,11,6,9,2,10,5,2,8,1,3,5,3,1,3,6,5,6,10,7,5,8,5,12,22,19,10,20,24,10,18,15,37,48,31,29,31,19,23,30,24,39,30,22,31,30,33,33,21,29,42,30,33,48,26,67,34,56,70,33,28,40,26,23,14,21,26,27,41,33,26,31,17,16,24,23,43,28,31,19,22,29,21,10,21,21,15,28,18,10,26,21,33,26,13,20,16,11,14,16,9,15,13,14,14,12,9,9,16,12,10,7,7,10,15,23,12,9,13,9,10,10,12,9,17,9,11,18,17,21,19,16,14,18,18,13,23,18,13,30,17,20,21,19,10,17,15,20,25,22,15,15,21,18,17,18,11,13,9,13,6,14,34,15,27,33,20,26,21,24,23,36,23,17,25,33,29,24,21,43,24,22,26,20,24,29,46,39,34,59,46,55,36,56,64,72,74,53,49,62,72,107,72,39,33,38,54,43,34,47,67,62,40,76,45,37,26,49,48,53,62,72,74,68,39,48,47,27,19,45,40,55,53,46,43,40,45,66,41,41,40,67,59,38,44,70,39,41,31,92,32,37,17,34
Asia,KR,South Korea,Maeil Business Newspaper,2,5,6,1,5,8,7,1,4,5,13,4,6,11,6,7,7,5,12,9,7,12,5,13,9,0,5,7,6,13,6,11,20,12,7,0,4,5,30,61,53,28,15,11,22,12,28,21,11,18,9,18,27,51,79,48,50,54,44,50,25,16,51,35,17,44,104,66,150,87,129,175,81,48,52,84,46,59,44,44,57,106,74,53,76,50,56,39,31,65,59,48,43,57,58,46,27,26,62,48,42,61,51,61,64,88,41,34,39,27,30,46,46,36,33,28,55,40,59,35,19,20,24,32,28,20,35,42,31,32,62,62,24,32,71,50,26,44,22,37,62,19,84,21,54,33,37,35,45,57,33,55,66,37,59,44,43,29,33,27,41,72,53,25,36,41,38,17,28,19,10,14,17,15,32,44,20,38,30,20,30,19,19,23,24,27,23,19,37,62,23,31,41,36,25,36,43,37,46,54,50,50,79,74,100,55,70,114,133,95,73,90,97,107,132,68,70,67,62,63,75,54,66,83,90,70,129,96,80,70,71,87,95,76,97,76,96,40,88,73,75,55,74,68,64,71,77,71,102,58,97,73,55,54,75,63,52,52,84,64,76,52,87,36,33,28,35
Asia,KR,South Korea,Hankyoreh,5,4,8,5,9,9,14,1,5,10,17,12,7,16,10,12,6,4,9,6,9,7,11,12,5,9,4,3,6,5,12,11,11,4,14,14,25,36,26,23,18,38,25,40,15,29,25,32,32,37,45,48,30,50,26,37,53,60,74,76,50,58,35,47,32,52,57,46,88,76,95,122,56,52,40,34,30,50,33,43,29,27,37,44,26,34,56,24,30,37,34,22,27,36,43,39,22,32,23,27,42,41,29,30,51,33,34,21,36,16,22,28,40,32,37,29,20,34,36,23,25,14,12,17,24,27,26,25,28,26,17,23,22,20,33,23,23,56,51,51,23,25,30,40,15,16,21,21,9,21,14,24,23,17,20,17,28,12,11,11,27,23,28,21,23,22,18,26,21,22,27,16,18,15,40,28,28,51,25,32,30,22,41,43,33,38,42,25,38,44,58,35,52,48,32,39,37,31,42,49,71,83,117,69,90,65,98,104,91,80,99,62,95,111,100,90,71,56,89,85,89,72,75,119,82,85,138,68,57,47,69,59,62,59,53,53,57,49,71,62,47,39,54,75,58,55,56,55,66,67,109,51,54,41,57,37,53,45,60,42,35,26,148,41,43,20,32
Middle East,SA,Saudi Arabia,Al Riyadh (Saudí Arabia),,,,,,,,,,,,,,,,,,,,,,,,,,,,,,,,,,,,,,,,,,,,,,,,,,,,,,,,,,,,,,,,,,,,,,,,,,,,,,,,,,,,,,,,,,,,,,,,,,,,,,,,,,,,,,,,,,,,,,,,,,,,,,,,,,,,,,,,5,7,6,5,3,4,4,12,12,6,6,10,6,6,4,6,2,6,9,11,5,3,3,8,2,2,5,4,0,0,3,2,9,2,5,8,4,3,8,6,1,7,3,8,13,6,5,10,9,11,13,11,5,15,23,8,15,19,19,7,7,6,10,12,15,17,36,39,29,26,16,24,55,22,43,22,6,11,26,27,9,8,7,12,5,7,11,13,5,7,5,11,6,2,3,8,3,5,6,78,78,125,78,71,50,4,3,8,9,5,7,23,25,28,24,58,21,16,7,7,18,13,14,8,0,5,8,7,2,5,1,3
Middle East,IQ,Iraq,Al Sabah (Iraq),,,,,,,,,,,,,,,,,,,,,,,,,,,,,,,,,,,,,,,,,,,,,,,,,,,,,,,,,,,,,,,,,,,,,,,,,,,,,,,,,,,,,,,,,,,,,,,,,,,,,,,,,,,,,,,,,,,,,,,,,,,,,,,,,,,,,,,,,,,,,,,,,,,,,,,,,,6,7,3,4,3,3,0,2,1,6,2,1,1,1,2,1,1,0,0,0,0,0,0,0,0,0,0,1,1,3,4,1,1,3,3,3,3,2,3,1,6,1,1,3,3,1,1,3,3,2,8,3,5,3,1,7,7,6,10,5,5,9,2,2,1,5,2,5,8,0,0,0,0,0,0,0,2,12,6,12,11,5,1,6,12,2,7,0,0,0,1,0,0,3,2,1,9,7,8,6,5,2,2,6,2,1,0,2,8,4,2,0,0,0
Middle East,LB,Lebanon,Annahar (Lebanon),,,,,,,,,,,,,,,,,,,,,,,,,,,,,,,,,,,,,,,,,,,,,,,,,,,,,,,,,,,,,,,,,,,,,,,,,,,,,,,,,,,,10,17,6,2,5,2,0,6,1,2,3,3,2,0,0,0,0,3,0,0,1,1,4,5,3,1,0,1,2,1,1,0,0,2,3,3,1,2,2,2,4,5,1,1,2,1,2,1,0,2,1,0,0,0,1,0,2,5,0,0,1,0,1,2,2,0,0,1,3,0,1,1,0,0,2,1,1,4,1,3,0,4,1,2,1,3,2,4,2,4,4,7,4,2,2,5,5,4,2,3,10,9,6,4,7,8,5,2,6,3,2,3,5,1,2,5,1,5,5,9,11,10,14,12,7,6,12,13,11,5,9,7,11,15,6,6,10,7,14,11,16,9,13,23,23,13,11,15,9,18,15,15,21,4,13,5,1,2,2,3,1,5,7,10,0,1,0,3,0,2,0,0,1,0,0,0,1,0,1,0,1,4,2,2
Middle East,LB,Lebanon,Daily Star (Lebanon),0,0,0,1,1,2,1,2,0,0,2,2,0,2,3,0,0,1,2,2,3,3,0,1,1,2,4,2,3,0,2,1,1,3,4,2,3,4,11,4,4,5,3,6,7,8,12,8,8,3,4,12,7,5,8,8,10,17,7,4,3,7,13,7,8,10,28,18,24,24,25,31,25,11,14,11,11,16,6,12,8,19,11,15,8,7,6,11,19,28,20,8,6,12,12,6,1,3,5,1,3,10,3,4,4,1,7,3,8,2,9,7,4,3,3,5,5,6,10,5,7,6,7,5,3,5,6,3,7,3,11,9,7,5,4,4,10,8,8,7,9,6,11,12,6,8,4,12,6,3,8,4,15,8,18,12,9,5,15,10,11,17,16,4,5,14,16,12,4,6,6,9,9,11,8,7,7,20,15,15,10,11,16,14,11,17,22,15,11,17,13,10,13,12,14,5,4,5,1,0,3,6,3,4,1,3,2,1,0,2,1,1,2,1,0,,,,,,,,,,,,,,,,,,,,,,,,,,,,,,,,,,,,,,,,,,,,,,,,,,,,
Middle East,BH,Bahrain,Gulf Daily News (Bahrain),,,,,,,,,,,,,,,,,,,,,,,,,,,,,,,,,,,,,,,,,,,,,,,,,,,,,42,29,6,10,9,9,10,7,2,7,5,8,14,15,7,4,9,14,4,32,15,9,20,10,6,5,2,4,8,8,2,7,5,1,4,0,4,8,1,0,3,9,6,3,2,0,7,2,2,5,1,2,1,5,3,8,6,0,2,2,3,0,3,1,4,5,3,0,1,1,1,4,2,5,4,2,8,1,9,2,1,1,3,3,6,3,0,0,2,4,4,3,2,1,2,2,2,2,1,2,3,4,1,5,3,4,4,5,2,3,2,1,4,3,5,3,4,5,3,5,2,7,7,2,3,3,1,2,2,4,3,5,3,4,8,4,6,5,15,2,3,3,2,0,1,5,1,1,3,2,4,5,2,3,6,6,2,4,2,3,9,9,18,11,5,8,16,7,6,11,9,10,2,2,10,4,8,4,16,8,13,5,11,7,14,12,11,17,9,6,3,5,11,10,12,5,4,11,0,8,0,6,6,11,7,11,5,4,17,7,1,4,3,7,0
Middle East,IL,Israel,Jerusalem Post (Israel),0,1,2,0,0,4,1,1,1,0,5,2,2,6,1,5,5,4,2,5,1,7,1,8,2,6,1,5,5,4,2,5,1,7,1,8,7,9,6,5,3,9,18,10,8,22,19,23,14,9,8,17,23,16,16,6,8,13,10,10,7,15,10,12,6,5,4,3,11,16,17,30,10,12,6,9,7,14,14,7,13,12,21,11,10,5,9,5,3,8,12,5,4,5,8,11,11,4,8,8,8,9,6,3,0,4,10,8,9,3,6,9,11,10,4,4,6,10,8,6,6,4,4,2,1,0,2,2,9,5,3,9,2,4,4,3,2,4,6,4,1,8,3,33,6,6,7,6,4,4,7,7,9,3,18,9,9,5,4,8,10,13,10,7,11,6,8,2,7,5,6,8,5,5,2,2,1,8,7,6,5,5,3,9,7,7,13,6,8,14,13,16,6,9,2,0,2,1,3,4,8,11,18,12,17,9,12,11,5,15,16,2,4,27,67,31,21,18,15,17,20,24,21,24,26,21,47,17,23,12,15,25,32,29,33,21,24,13,12,23,20,11,19,5,11,11,7,9,6,3,12,7,14,6,6,11,8,7,7,7,11,7,6,6,5,4,4
Europe,GB,United Kingdom,Daily Mail and Mail on Sunday (England),13,10,16,8,14,12,20,16,10,19,16,24,18,10,21,11,12,41,34,19,29,24,24,21,29,38,53,45,56,51,63,45,69,83,108,91,129,136,167,106,116,116,163,135,110,115,83,81,101,94,108,85,101,63,92,76,71,72,48,62,91,24,37,28,24,32,43,22,43,43,57,76,50,36,38,31,34,34,28,32,39,45,32,36,33,43,27,19,31,38,49,23,26,35,47,27,16,21,24,25,17,18,16,22,21,23,27,35,34,21,40,26,17,37,17,21,40,41,23,17,37,51,39,34,20,16,31,17,15,84,22,15,12,9,19,25,24,28,25,28,32,36,44,68,28,14,24,31,16,19,19,21,24,23,32,19,45,34,20,25,19,34,24,14,31,23,19,28,24,14,11,20,7,16,24,16,18,27,29,34,16,37,61,67,77,37,54,74,65,73,66,81,81,65,39,32,20,23,36,29,41,31,45,41,38,24,48,38,32,56,46,88,73,110,116,45,48,33,58,80,92,94,145,110,129,73,141,104,82,68,77,90,92,115,151,95,122,92,86,112,79,78,86,88,38,46,65,41,44,46,71,20,44,29,25,34,50,29,19,23,25,29,35,16,24,9,20
Europe,GB,United Kingdom,Guardian and Observer (England),50,48,46,49,72,63,40,69,70,79,92,63,88,84,69,77,116,164,142,58,109,99,133,150,105,144,130,105,148,157,133,120,191,216,240,198,239,211,233,194,224,264,255,176,203,240,223,256,194,150,240,193,193,247,235,169,211,196,181,197,180,161,200,215,214,221,277,177,279,251,330,390,239,244,171,164,166,169,137,117,129,94,157,125,119,100,125,110,129,139,119,52,106,143,91,129,57,98,86,78,64,96,74,50,108,117,159,84,110,68,78,89,95,112,73,83,119,80,157,85,121,195,144,126,130,101,111,84,151,219,446,348,282,251,394,381,367,389,372,316,513,981,731,870,552,676,730,697,920,496,160,140,205,189,292,218,258,192,183,155,154,224,152,181,289,180,205,157,181,150,178,166,184,205,218,247,208,372,329,322,311,356,406,457,457,308,271,279,331,364,362,383,420,358,237,177,192,230,227,257,315,290,302,246,251,241,270,277,241,306,304,331,416,515,531,271,234,231,310,275,362,309,383,357,333,313,387,213,206,215,305,223,228,261,323,311,355,267,308,246,233,200,198,219,225,262,237,218,255,253,310,164,230,178,215,208,225,154,203,172,208,184,244,124,131,116,117
Europe,GB,United Kingdom,Telegraph and Telegraph on Sunday (England),16,23,26,15,28,22,22,14,33,36,35,32,45,50,64,77,64,51,72,53,69,117,143,86,45,50,64,77,64,51,72,53,69,117,143,86,117,154,182,110,145,143,163,104,120,128,120,126,102,71,106,93,75,87,103,53,56,60,67,56,65,48,103,67,63,56,80,74,95,104,145,216,144,142,115,91,126,91,106,109,116,106,86,100,132,88,77,67,66,81,79,45,53,85,115,110,65,95,96,104,63,88,98,60,83,113,130,109,107,80,123,71,73,106,58,118,95,88,85,66,74,92,88,68,44,72,72,60,68,67,78,69,68,56,68,63,137,76,57,42,68,59,76,125,59,42,48,50,57,44,58,39,44,51,69,39,62,31,44,56,38,69,65,42,40,41,56,46,58,32,43,69,47,64,59,73,53,86,68,56,58,64,80,159,148,138,140,124,165,180,173,186,217,224,112,49,39,64,87,85,140,127,164,103,137,126,154,135,132,174,159,208,227,303,305,132,132,104,111,128,131,92,161,115,97,100,158,122,100,82,75,152,114,120,184,130,166,109,118,128,97,91,99,124,82,101,107,75,77,90,120,68,107,104,102,92,84,65,63,61,55,79,87,39,53,43,52
Europe,GB,United Kingdom,The Daily Mirror and Sunday Mirror (England),13,10,10,13,20,13,16,30,15,27,29,21,21,15,7,11,15,34,79,14,39,30,17,26,19,22,22,26,31,27,28,27,66,47,84,42,64,80,84,74,67,74,103,55,42,44,60,25,48,46,53,33,41,39,56,45,42,37,34,27,39,36,38,37,31,34,45,25,68,100,45,156,45,30,26,22,44,18,20,24,19,10,37,37,27,10,25,20,12,57,28,27,26,31,40,26,18,18,26,11,14,11,28,17,26,19,34,32,50,45,34,18,16,34,4,18,26,30,27,9,23,32,8,20,9,21,16,13,17,11,26,12,26,13,11,18,17,19,18,9,25,17,19,51,28,19,23,18,24,23,21,15,13,14,31,18,32,14,29,12,18,34,29,17,24,27,27,43,23,20,36,18,29,31,24,40,29,61,61,61,49,36,70,113,157,121,129,127,167,141,252,131,165,129,97,55,45,48,49,57,81,69,82,69,73,52,31,91,78,73,90,132,151,240,268,55,73,59,60,77,68,45,150,128,103,73,120,65,62,47,53,78,66,60,117,85,101,81,82,108,74,59,84,53,73,68,70,45,33,46,137,40,80,25,30,50,72,42,34,23,71,45,70,36,37,30,31
Europe,GB,United Kingdom,Times and The Sunday Times (England),25,34,35,20,43,43,40,33,57,54,48,58,79,75,51,66,66,91,106,58,92,88,91,94,84,113,110,84,119,121,129,74,145,168,226,161,187,217,219,237,192,242,181,157,168,186,201,204,175,179,182,145,157,155,133,109,125,122,147,136,175,214,288,226,256,181,328,221,326,313,389,502,270,238,193,147,160,141,142,123,147,116,133,148,112,96,103,94,110,96,87,77,80,110,103,153,73,168,127,165,107,131,166,69,143,139,184,172,129,126,158,117,131,198,139,163,180,105,149,87,102,116,105,103,110,75,89,69,94,80,120,86,108,107,90,83,211,112,87,89,112,125,152,263,148,75,123,119,120,96,116,85,98,88,123,102,131,102,94,117,170,157,125,90,125,113,153,189,168,162,178,174,155,138,193,214,199,205,254,247,240,261,300,397,558,439,388,495,483,507,507,434,551,580,352,252,222,203,229,241,308,252,422,292,404,390,399,405,360,377,397,545,520,812,771,287,317,202,238,259,277,262,465,388,286,345,424,273,292,227,276,274,260,297,413,368,410,268,252,296,207,210,211,227,228,237,230,183,195,205,250,170,182,144,163,189,195,162,144,167,166,111,139,73,88,86,66
Europe,FI,Finland,Helsingin Sanomat (Finland),14,14,8,8,11,9,5,14,14,18,25,15,19,22,19,4,13,13,29,22,15,20,14,29,32,8,19,21,25,35,23,12,44,35,53,39,82,79,66,77,61,47,51,37,54,59,65,76,67,83,65,56,71,50,50,37,45,51,51,51,35,37,54,30,39,31,28,24,39,48,69,82,33,35,42,29,29,16,26,23,25,16,33,31,29,18,32,21,19,15,19,16,16,19,25,40,28,13,30,21,12,27,25,22,19,30,38,19,27,13,16,28,29,22,21,24,34,33,51,17,37,23,28,28,30,34,17,15,45,54,54,31,27,23,41,35,26,39,45,34,47,42,101,114,34,38,37,42,37,32,30,31,39,38,65,31,35,25,38,37,45,53,46,40,44,38,43,38,62,45,34,36,30,33,50,68,55,110,84,90,84,86,103,79,120,97,87,100,118,105,103,106,110,100,66,52,56,59,63,56,91,95,78,84,79,77,104,99,110,104,202,147,140,186,161,91,89,77,89,76,97,114,142,134,122,130,129,110,128,98,118,90,108,127,160,111,86,85,75,100,66,54,65,86,94,100,63,35,106,58,108,63,112,76,71,69,61,64,87,64,68,64,70,48,43,40,44
Europe,FI,Finland,Ilta-Sanomat (Finland,1,4,5,0,1,2,3,1,0,1,3,1,1,2,0,0,0,0,0,0,0,1,3,0,2,2,0,1,0,0,1,4,3,5,10,2,20,26,13,11,18,12,15,11,16,15,20,13,24,14,11,15,12,7,12,7,11,3,8,11,10,8,13,10,8,3,15,7,7,13,17,18,3,6,7,5,4,0,3,11,7,3,7,6,7,2,6,2,4,6,1,5,7,4,7,12,6,8,3,7,4,4,3,1,3,9,8,4,5,5,4,6,4,5,7,2,8,4,9,3,2,7,12,14,14,9,7,7,10,11,12,7,7,10,6,8,7,11,10,9,8,10,15,19,12,6,7,11,8,3,4,6,9,5,9,9,17,9,8,6,22,20,18,13,18,9,14,13,15,5,7,9,9,8,9,23,18,52,36,39,38,23,32,41,45,35,25,44,60,40,23,31,41,46,21,9,14,15,10,10,28,27,23,22,22,26,11,20,17,25,72,54,50,79,69,38,18,24,22,27,27,25,37,42,39,25,49,18,40,35,47,44,41,48,87,58,44,33,37,43,36,32,30,36,50,66,40,25,65,40,79,24,61,43,37,43,33,43,63,47,53,39,59,38,44,26,47
Europe,FR,France,Le Monde (France),32,33,37,16,2,22,8,3,12,12,19,21,18,27,8,11,14,24,29,9,18,17,21,21,15,11,13,9,14,13,16,22,25,43,36,43,50,39,61,44,71,62,29,32,57,47,41,56,35,31,42,49,42,65,53,31,35,57,59,67,61,38,55,55,45,67,54,47,95,71,92,123,54,46,45,46,35,26,28,23,40,24,57,49,32,25,25,30,29,37,27,23,27,32,52,37,28,34,42,28,28,24,18,17,31,26,45,29,14,18,20,16,39,28,17,24,24,27,27,15,17,22,51,23,32,22,6,3,22,23,34,32,20,31,37,27,36,55,27,35,42,59,100,69,22,17,19,23,26,24,15,24,48,41,58,31,47,35,38,27,34,54,28,27,44,24,56,71,34,36,41,35,28,49,37,35,52,57,97,78,64,62,62,45,71,61,50,47,69,51,50,75,65,56,46,33,38,44,32,30,71,63,43,56,50,44,49,45,32,61,55,51,90,97,109,61,50,55,81,76,49,91,80,95,96,105,113,71,75,58,85,63,64,103,87,77,78,67,75,67,72,59,81,74,79,73,57,38,72,68,95,71,56,63,54,43,49,79,67,49,56,55,68,54,43,45,42
Europe,FR,France,Agence France Presse,15,37,39,15,32,45,25,35,88,97,94,101,133,128,31,32,52,118,218,42,72,45,97,77,81,31,47,58,84,84,63,63,88,101,244,95,242,236,220,241,342,386,203,287,492,270,537,626,299,210,276,399,270,436,341,149,181,318,275,350,250,293,322,212,252,280,236,168,380,341,515,735,201,189,223,219,198,160,159,176,202,250,246,213,112,68,87,89,133,137,96,117,111,128,129,118,44,96,80,59,49,94,37,57,50,50,103,95,81,61,67,44,70,133,50,50,135,79,177,50,75,108,77,58,63,80,79,32,114,81,146,122,74,94,108,63,81,151,93,96,233,172,365,299,57,73,83,102,78,63,67,42,105,107,177,87,111,60,116,71,165,212,126,54,135,86,115,89,73,57,85,74,80,67,53,61,102,126,111,137,94,86,149,128,191,190,141,225,284,170,224,251,239,150,69,33,60,70,97,82,174,137,173,127,121,143,166,195,178,196,273,302,317,354,314,156,69,146,110,177,222,233,248,254,281,260,337,146,185,134,215,153,237,280,323,268,327,249,294,231,112,162,132,224,305,243,270,213,328,284,367,177,229,154,214,156,170,205,267,234,186,178,254,113,112,134,75
Europe,FR,France,Le Figaro (France),6,7,13,10,17,18,11,17,12,10,20,21,25,34,20,11,15,16,56,25,24,18,11,23,17,7,25,28,26,27,26,10,27,45,63,70,101,79,69,51,73,71,25,55,81,52,46,43,36,23,30,30,31,29,31,10,20,24,36,57,43,31,19,24,27,32,40,18,49,36,59,71,20,28,21,19,17,12,17,12,14,23,18,17,16,9,11,16,6,6,11,6,8,11,21,19,15,8,16,15,6,8,13,6,10,6,19,11,10,7,7,7,25,14,4,6,15,6,12,7,12,3,10,9,9,15,7,3,8,8,18,22,10,11,9,13,16,37,31,17,28,34,47,61,22,14,9,9,11,14,5,7,15,21,33,21,16,12,18,19,16,35,31,27,25,20,16,40,32,17,20,18,21,19,17,19,18,28,35,28,26,20,37,34,47,36,48,42,64,40,43,52,52,58,20,10,14,32,32,15,35,32,26,42,29,32,38,40,36,41,38,43,63,67,71,26,45,37,38,46,46,51,47,51,64,53,82,53,53,35,59,53,52,53,52,43,69,43,60,57,35,43,31,43,35,45,24,36,37,42,48,36,51,38,38,30,22,27,44,22,35,27,38,25,25,33,22
Europe,DK,Denmark,Jyllandsposten,9,9,21,26,28,12,9,15,14,11,16,11,10,18,15,7,18,19,20,12,16,17,18,12,10,8,14,7,30,23,12,20,34,40,36,35,72,70,78,55,46,63,52,50,49,45,72,65,80,55,44,48,51,49,46,31,38,29,40,60,42,28,57,36,40,45,43,44,71,69,86,165,54,38,29,23,19,30,15,25,25,15,22,42,31,25,11,20,23,11,18,26,32,41,23,28,23,22,14,26,22,28,9,24,22,32,27,44,25,21,25,17,19,31,6,21,35,23,22,25,25,19,20,26,22,27,17,17,37,40,48,36,26,13,19,18,16,37,15,20,40,17,43,49,25,13,15,37,30,22,14,20,20,16,37,22,34,19,31,20,25,36,11,16,26,24,22,18,27,13,23,22,28,21,16,49,22,47,27,38,28,26,49,72,63,42,46,43,57,54,56,59,79,51,36,38,24,45,24,27,32,41,41,61,46,29,28,30,38,37,42,72,53,53,59,41,39,35,29,25,47,30,34,49,48,43,42,24,37,22,24,24,33,26,31,44,39,39,48,48,53,32,35,33,30,48,31,34,29,35,55,44,39,21,26,29,30,36,20,19,30,30,32,19,23,8,10
Europe,DK,Denmark,Politiken,15,15,7,14,36,17,8,28,13,23,22,15,18,23,9,6,19,19,30,28,19,15,18,29,10,15,12,12,19,29,27,15,39,31,52,31,70,61,79,61,53,90,51,42,57,70,69,63,53,51,46,52,52,49,35,26,45,59,57,49,40,43,71,58,67,50,44,68,86,100,92,184,54,57,31,25,29,40,24,44,43,27,39,50,41,21,22,21,42,36,37,27,43,44,38,34,24,24,31,20,24,37,19,26,18,22,53,37,34,31,24,22,24,19,21,29,37,25,36,24,21,22,27,37,36,29,28,22,32,53,42,44,39,32,30,30,39,48,21,42,44,38,68,62,29,23,27,36,43,26,20,19,29,27,50,40,48,29,32,39,31,37,43,42,44,35,29,33,32,17,23,28,32,42,47,67,58,56,50,81,62,60,76,53,101,58,50,71,74,50,68,79,77,59,68,44,27,26,23,36,52,37,55,25,40,31,32,46,42,36,43,63,57,63,73,26,25,24,40,30,42,27,44,40,51,63,71,39,40,17,30,17,32,44,66,60,49,42,35,66,39,37,27,32,32,41,29,48,44,41,64,30,46,44,33,34,28,24,37,44,33,34,37,23,25,28,20
Europe,DK,Denmark,Berlingske Tidende,11,5,11,7,33,10,4,16,11,12,9,14,17,15,9,5,13,10,24,13,20,13,16,24,17,11,13,13,10,16,13,20,27,23,38,26,49,77,74,49,49,50,46,41,54,53,59,68,53,31,39,46,66,47,39,25,41,52,54,35,39,32,72,47,67,53,55,45,81,57,102,202,27,32,29,17,15,9,13,25,14,17,35,36,23,17,13,12,15,25,20,12,21,30,24,25,21,10,12,14,15,21,20,32,30,23,28,24,27,12,13,18,14,18,9,21,19,14,17,8,10,14,16,17,26,11,7,14,23,24,29,23,19,8,11,10,11,22,18,21,26,19,25,35,19,14,20,19,24,23,11,15,15,15,29,23,36,16,26,18,20,28,17,31,33,14,28,20,29,26,17,23,26,21,20,44,28,38,30,44,40,27,48,46,70,51,35,39,51,44,38,56,41,30,35,27,17,14,25,22,23,27,21,29,16,20,21,28,23,15,37,51,38,39,48,27,18,25,22,15,33,24,24,35,20,29,47,23,22,16,26,23,35,22,25,33,19,28,28,38,22,21,18,21,17,26,25,22,24,18,47,24,24,15,17,13,6,17,16,19,16,20,22,11,15,11,7
Europe,DE,Germany,Süddeutsche Zeitung (Germany),6,6,8,6,9,11,4,5,8,11,15,19,12,14,6,1,9,13,28,13,18,14,19,27,13,15,31,27,40,28,34,41,33,73,129,72,123,180,278,243,166,171,118,85,157,150,180,165,139,110,104,130,97,100,107,100,98,100,95,116,148,108,125,118,139,121,114,78,91,107,138,196,92,76,77,59,64,46,68,64,49,79,61,97,66,73,85,72,69,71,83,57,61,68,84,77,71,61,46,31,54,38,42,74,58,68,84,77,70,39,51,40,59,73,47,56,62,79,74,34,38,42,70,35,60,39,44,51,88,64,84,54,67,55,58,69,56,47,73,57,83,66,107,89,64,69,65,47,42,63,41,39,66,58,79,71,87,57,48,68,74,92,71,80,73,79,85,48,62,72,48,49,44,58,74,108,120,105,81,104,105,126,137,105,157,149,169,145,195,184,172,146,204,196,121,62,77,60,86,72,129,119,98,89,95,103,121,94,114,137,227,157,204,156,151,94,100,86,110,138,110,93,163,139,117,115,156,139,145,103,160,117,150,168,214,207,175,132,139,111,125,113,115,130,88,118,92,102,126,137,123,71,104,111,95,77,101,53,90,83,81,68,79,54,60,45,36
Europe,DE,Germany,Die Tageszeitung (Germany),8,6,7,2,12,10,7,10,6,16,15,9,13,20,5,2,7,11,7,14,17,8,19,11,5,11,8,13,14,16,13,15,28,35,97,42,67,95,119,156,135,84,49,33,53,49,60,59,31,26,44,34,37,37,43,43,42,28,40,44,26,33,41,42,35,21,35,28,56,44,55,93,45,27,27,28,25,29,39,38,33,20,21,42,30,15,24,17,20,23,20,25,22,23,39,35,18,28,22,14,23,28,26,26,22,23,43,40,44,27,48,18,12,27,22,16,40,24,35,21,16,16,25,30,7,33,17,10,24,23,37,24,15,24,24,26,20,31,16,29,26,23,53,64,19,19,21,22,20,25,13,24,28,21,36,31,33,20,40,15,21,35,34,28,46,29,41,30,38,23,19,14,12,24,31,56,30,36,39,39,46,48,55,49,68,78,79,105,121,89,96,76,90,70,62,39,30,37,39,42,79,52,44,34,51,46,50,47,50,68,91,76,102,69,72,50,47,43,35,46,63,57,79,68,61,45,71,52,57,49,62,59,65,72,73,68,68,64,56,56,47,39,60,55,35,78,54,69,66,65,62,36,43,51,47,31,46,39,54,50,57,47,38,48,44,24,25
Europe,IE,Ireland,Irish Times (Ireland),21,30,21,12,24,24,19,29,27,17,32,25,25,28,40,38,34,37,41,30,57,40,68,64,25,28,40,38,34,37,41,30,57,40,68,64,127,132,119,82,101,114,79,81,89,76,112,143,106,87,95,113,109,139,120,87,112,78,100,90,86,61,70,74,58,82,75,46,108,137,118,184,86,38,54,42,56,32,37,36,43,36,36,62,75,27,35,40,29,31,18,20,22,37,49,49,31,19,28,13,21,36,40,29,26,22,39,36,40,45,34,39,33,30,20,23,36,38,47,28,31,34,29,48,33,35,36,18,46,48,38,32,45,25,28,26,22,51,36,36,52,51,67,143,61,45,35,36,50,34,51,30,29,39,68,51,50,25,42,34,36,60,55,44,44,46,71,39,42,32,35,32,34,39,56,50,49,76,207,99,90,58,76,75,137,139,100,86,127,136,119,104,132,136,56,53,72,74,40,35,55,70,58,63,61,49,70,57,65,65,104,113,121,159,176,82,70,65,80,101,65,95,117,99,117,76,131,73,72,48,73,62,73,94,97,145,133,93,108,80,73,72,65,85,77,86,68,52,71,66,102,64,70,53,60,52,61,55,54,58,39,58,73,38,70,53,33
Europe,GB,United Kingdom,Sun and News of the World or Sunday Sun (England),7,3,3,5,10,10,6,13,7,11,4,8,15,22,7,1,14,21,37,9,21,25,19,33,16,24,13,24,21,17,24,26,64,72,56,59,68,58,84,69,58,80,93,38,44,45,59,74,61,42,48,46,43,38,49,43,42,30,27,37,68,82,87,95,53,105,88,47,111,59,55,165,67,29,27,47,42,42,28,28,16,48,40,57,27,21,32,23,10,30,22,21,23,16,20,38,21,25,22,21,28,25,26,7,28,21,35,37,36,15,40,41,20,31,30,25,40,41,41,20,39,39,26,26,20,14,21,20,43,17,41,17,21,21,22,24,32,25,34,17,35,36,41,114,35,33,29,19,27,20,25,14,29,25,32,26,36,34,20,25,34,51,26,18,38,28,20,29,56,20,27,29,23,41,42,43,24,53,58,54,40,44,63,129,138,113,98,151,141,205,150,148,166,161,112,30,30,28,43,66,92,106,84,70,88,63,74,108,82,101,89,125,171,330,269,75,77,41,90,55,50,62,85,54,62,54,113,65,39,29,47,63,50,78,92,72,77,45,91,68,41,46,37,55,31,48,55,46,37,34,51,24,47,31,40,31,31,59,33,20,23,37,47,22,30,20,19
Europe,IT,Italy,La Repubblica (Italy),,,,,,,,,,,,,,,,,,,3,9,12,4,4,7,5,6,6,4,7,8,21,11,11,10,17,14,30,29,41,28,43,51,46,27,54,53,39,47,35,29,34,43,44,36,16,24,24,26,33,23,25,12,25,20,14,14,17,17,20,25,20,54,15,15,17,11,10,6,4,11,9,12,23,9,5,8,4,4,7,18,99,3,2,12,13,3,3,6,3,3,7,7,5,4,1,7,19,9,4,0,6,6,4,4,6,0,4,13,12,2,5,9,4,3,6,10,4,4,7,8,14,14,11,9,3,8,4,10,5,110,11,11,12,30,4,11,12,13,8,13,13,3,12,7,26,6,8,10,11,11,14,20,22,13,20,17,21,20,10,14,12,14,11,20,12,14,14,31,31,26,23,19,34,27,22,35,38,30,63,46,51,42,44,28,15,9,14,9,11,16,11,24,24,14,13,25,11,14,21,20,28,13,41,38,55,27,13,14,20,18,23,32,31,34,32,21,19,16,12,9,31,18,22,26,60,28,30,22,36,26,20,20,12,14,18,19,19,9,16,10,17,16,15,17,21,11,9,19,19,11,19,5,16,10,11,8,15
Europe,IT,Italy,Corriere della Sera (Italy),4,9,1,0,5,8,5,5,3,4,7,5,6,8,2,0,11,6,18,1,9,7,6,7,5,2,3,6,4,0,2,4,6,2,4,3,36,27,20,17,20,21,18,9,30,25,13,13,7,17,8,6,21,25,13,8,7,14,11,11,9,14,17,16,9,15,19,12,18,16,26,63,11,10,14,5,11,11,6,12,13,6,11,12,16,11,9,5,6,6,2,5,8,13,14,15,4,2,16,9,8,8,9,15,9,21,11,12,7,8,4,5,3,11,8,4,11,7,17,7,6,13,9,9,11,10,9,7,11,16,13,4,9,12,8,15,14,31,15,15,29,28,20,47,14,9,16,13,13,9,12,9,10,13,20,12,17,17,13,16,35,30,28,15,27,32,30,16,20,14,16,11,18,20,23,21,26,38,53,37,26,21,78,43,46,45,43,40,80,71,63,60,54,50,32,18,14,21,15,28,34,43,43,11,10,29,29,31,27,37,63,50,92,70,86,33,24,34,28,31,43,45,55,47,61,52,57,21,44,39,46,51,49,23,71,60,56,64,57,37,34,30,39,50,36,47,56,28,39,48,54,42,35,23,42,19,34,43,44,20,30,33,35,17,22,25,21
Europe,NO,Norway,Aftenposten (Norway),5,7,7,7,7,10,15,8,12,10,19,17,32,23,14,15,9,17,25,11,31,16,18,19,15,6,21,17,16,22,17,13,26,32,30,69,76,70,78,56,61,50,47,47,55,79,71,78,86,58,41,56,51,39,21,38,36,28,30,28,34,26,33,34,32,36,16,29,38,49,48,80,31,30,32,27,24,24,14,40,29,26,26,35,35,20,17,17,29,22,10,10,26,26,23,33,12,20,22,12,13,12,6,18,14,12,19,21,13,19,9,30,12,28,5,31,26,27,37,23,20,9,21,22,15,13,8,17,24,21,29,15,25,15,22,21,31,22,23,18,36,32,32,55,26,22,20,13,26,16,8,24,23,23,27,28,41,25,17,12,25,25,15,22,37,25,27,11,22,16,15,13,15,6,17,25,27,34,21,27,32,34,48,26,26,23,23,33,46,35,21,31,46,32,12,11,19,23,17,8,16,21,28,23,14,22,13,17,14,22,25,48,29,29,43,15,15,8,17,15,19,20,26,24,15,26,37,12,14,8,19,12,19,23,24,29,33,18,16,18,11,14,16,10,21,15,19,23,13,15,19,9,21,9,10,16,10,7,12,20,16,15,23,9,9,13,8
Europe,NO,Norway,Dagbladet (Norway),2,5,9,4,7,3,2,4,2,7,4,10,7,11,4,5,4,3,12,5,9,2,6,9,6,5,4,10,7,15,12,5,18,12,22,25,37,49,39,41,34,40,32,25,32,38,31,70,28,22,16,29,17,21,28,10,21,23,23,17,15,13,13,24,11,17,10,14,32,16,14,61,18,8,10,14,7,13,7,12,15,6,8,16,3,7,12,7,8,2,7,5,12,11,5,14,6,6,10,10,5,10,2,13,8,5,7,10,13,8,6,9,14,16,9,12,13,14,8,9,12,8,6,8,7,5,5,2,4,7,21,4,14,7,12,11,10,13,10,11,11,10,9,21,13,9,4,9,9,8,8,10,17,12,13,24,23,10,16,16,12,15,19,14,23,13,14,12,20,7,10,7,16,6,13,23,11,20,9,26,19,17,25,17,17,12,27,36,25,15,17,21,20,23,16,9,9,8,7,7,9,10,11,7,14,12,5,9,4,10,26,32,10,8,22,5,6,9,8,5,11,5,23,14,7,9,16,7,10,7,6,5,5,7,11,14,9,5,3,5,7,10,5,5,0,5,11,7,5,4,6,5,8,3,4,3,3,8,10,4,8,7,8,6,9,4,5
Europe,NO,Norway,VG (Norway),4,2,2,1,3,1,4,7,2,3,6,2,9,8,3,1,3,4,10,5,7,5,8,11,11,11,11,6,13,5,9,5,14,18,17,22,31,41,30,32,32,41,11,12,14,35,20,43,31,23,23,19,19,34,25,17,17,14,22,14,17,8,15,11,17,19,19,11,16,17,24,64,32,21,13,15,26,12,5,17,8,10,16,23,10,14,17,11,9,9,4,8,11,15,15,21,11,19,11,30,11,13,12,8,13,7,11,13,9,6,12,12,23,23,5,8,19,10,17,8,12,9,7,18,6,8,12,16,7,9,10,7,5,4,5,9,16,21,9,14,6,10,16,22,14,6,9,8,14,8,3,17,14,23,24,24,53,19,9,11,11,15,11,11,18,10,10,10,7,7,6,5,5,6,12,10,10,15,10,16,9,12,11,14,10,15,18,36,20,15,18,13,14,18,8,6,2,11,8,3,13,11,5,9,14,6,9,7,4,10,26,24,10,18,21,9,6,7,9,9,13,10,14,19,7,16,17,9,8,4,13,11,7,14,28,15,17,5,8,8,7,7,11,7,10,10,19,5,11,15,10,4,9,6,5,9,13,6,16,11,0,9,11,7,10,7,5
Europe,PT,Portugal,Correio da Manhã (Portugal),,,,,,,,,,,,,,,,,,,,,,,,,,,,,,,,,,,,,,,,,,,,,,,,,,,,,,,,,,,,,,4,7,6,4,5,9,10,6,8,14,24,2,0,0,0,0,0,0,0,0,0,0,0,0,0,0,0,0,0,0,0,2,0,2,5,2,1,4,1,1,3,2,1,2,0,8,3,4,0,2,2,0,1,1,1,3,6,1,1,2,4,1,2,2,2,2,2,27,5,24,17,15,9,21,10,15,14,5,6,13,12,52,53,13,11,11,19,7,10,7,2,4,7,27,14,25,10,13,4,24,55,24,9,25,39,52,15,19,27,17,15,15,11,17,12,25,27,25,15,8,10,24,18,9,17,34,18,63,49,42,79,41,24,6,6,11,0,11,8,17,21,15,30,13,13,34,39,27,38,36,48,55,109,165,30,22,27,9,24,28,42,35,34,37,34,67,26,25,16,20,12,27,21,26,18,39,23,37,64,27,32,52,43,41,32,23,18,26,25,30,26,27,28,33,28,34,34,32,46,37,37,91,25,30,49,33
Europe,RU,Russia,Izvestiya (Russia),4,2,2,6,2,2,5,1,3,5,3,1,5,9,7,2,3,6,10,2,5,6,3,5,3,4,3,2,1,1,4,2,2,2,5,10,6,9,7,1,1,6,8,9,5,5,8,1,7,6,5,4,3,5,13,0,4,12,7,7,4,4,4,6,5,5,5,3,8,10,4,21,8,2,4,4,1,4,4,19,7,6,4,5,5,6,3,8,0,3,0,2,2,1,0,1,1,1,2,3,1,1,1,2,1,2,1,3,0,1,1,0,2,0,0,2,1,0,3,2,1,1,0,2,0,1,0,0,1,0,0,2,0,0,0,0,0,1,1,0,1,2,2,2,2,2,0,2,4,1,2,3,0,4,5,3,4,1,1,1,5,3,3,1,3,1,0,1,2,0,1,0,0,0,0,1,3,2,0,4,0,2,1,8,3,4,3,4,3,3,0,3,5,5,1,0,0,1,2,6,6,4,3,7,4,7,5,12,4,9,5,2,8,11,11,11,2,2,1,5,3,3,9,4,3,3,8,7,4,1,5,4,,,,,,,,,,,,,,,,,,,,,,,,,,,,,,,,,,,
Europe,RU,Russia,Rossiskaya Gazeta (Russia),3,1,2,3,1,3,4,1,0,8,5,5,7,7,2,1,0,7,10,4,4,6,5,11,3,4,3,3,2,2,4,4,5,5,3,4,24,13,13,8,9,9,21,18,11,11,11,12,10,9,13,14,4,11,18,7,12,9,9,11,9,6,10,12,5,14,14,5,15,11,10,26,10,4,18,13,5,5,12,24,14,8,9,5,5,2,5,8,6,6,4,2,5,7,5,7,2,1,4,10,7,3,3,1,4,3,6,8,3,6,2,9,4,3,7,2,4,4,2,5,3,6,2,9,4,3,7,2,4,4,2,5,5,2,7,5,5,10,7,5,6,7,6,16,5,6,8,14,10,17,13,8,6,7,12,10,5,2,7,11,11,18,7,10,7,14,6,6,6,6,6,4,2,6,6,12,8,6,4,11,5,5,5,15,7,14,9,14,12,12,15,25,10,8,8,2,6,17,12,8,13,18,12,15,10,6,14,32,12,32,23,10,25,28,42,42,11,17,7,12,10,15,8,13,20,13,13,14,7,8,15,11,16,14,12,13,10,20,18,15,6,10,10,12,11,17,12,17,17,17,17,14,15,7,8,8,8,6,12,3,18,16,8,12,11,11,5
Europe,RU,Russia,Nezavisimaya Gazeta (Russia),2,1,0,1,2,2,3,1,1,0,5,2,4,7,2,1,1,4,5,1,3,2,1,11,10,3,3,3,2,0,2,3,3,0,6,8,10,7,6,3,7,13,5,8,9,2,6,14,9,5,8,9,13,14,6,4,8,4,9,8,3,4,9,9,5,4,7,7,25,3,10,14,5,7,12,7,3,7,4,9,6,8,11,11,10,6,4,6,4,5,2,5,9,7,8,14,4,5,6,5,3,4,0,1,6,1,7,5,6,1,3,3,2,2,0,3,2,2,2,3,3,5,0,5,3,5,3,4,10,4,7,5,4,4,6,5,5,10,4,4,6,12,13,15,5,2,4,6,8,12,3,4,3,8,10,7,2,7,5,1,9,11,2,1,5,2,11,9,8,10,7,5,3,6,6,3,5,8,4,10,8,9,7,13,8,11,5,8,12,14,5,20,8,15,7,10,10,8,2,7,6,11,7,19,18,12,15,15,11,17,18,4,19,25,31,31,11,13,5,7,11,5,6,4,11,8,18,11,9,13,8,13,7,12,11,9,20,12,23,24,8,16,13,18,11,14,9,14,14,14,14,13,15,12,12,9,9,19,12,2,11,7,11,12,4,4,6
Europe,RU,Russia,Komsomolskaya Pravda (Russia),,,,,,,,,,,,,,,,,,,,,,,,,1,0,1,0,0,0,0,2,0,1,1,4,1,1,0,2,1,2,1,1,3,3,4,2,0,1,5,3,2,2,3,2,3,0,3,5,2,3,3,1,1,2,2,3,2,5,5,16,0,4,2,8,2,2,3,2,5,4,6,5,2,3,3,2,2,2,2,1,1,2,4,5,3,3,3,4,0,0,3,1,0,0,2,4,1,2,2,3,1,4,3,2,4,0,1,4,1,0,1,2,3,1,1,2,0,1,3,1,2,0,3,4,3,4,3,1,3,3,2,6,1,4,2,2,1,4,1,1,4,1,2,4,1,1,3,0,5,9,4,3,6,2,0,3,2,3,2,0,3,2,1,6,4,5,3,3,2,4,1,2,3,5,5,3,12,9,5,9,8,7,5,0,1,1,3,0,1,4,2,5,4,3,8,9,5,6,7,4,6,6,6,6,6,5,3,3,8,7,5,8,2,2,8,6,3,3,3,2,4,5,7,4,5,4,3,4,6,5,2,3,2,4,7,4,4,4,4,5,2,3,5,1,1,4,7,4,6,5,3,1,2,2,3
Europe,ES,Spain,El País (Spain),9,15,13,7,15,27,36,9,20,31,12,42,30,48,22,9,10,39,30,19,39,28,27,39,30,14,26,44,44,58,62,53,54,59,145,102,175,192,149,199,144,197,104,87,92,166,189,192,100,95,91,104,76,121,94,51,61,98,85,88,66,73,88,67,73,94,80,34,105,120,144,281,104,75,102,70,63,52,35,61,56,59,66,61,52,45,57,38,28,65,41,19,41,53,64,64,43,42,59,31,23,32,28,32,34,24,30,37,32,20,22,30,25,40,9,34,26,26,58,16,32,27,33,44,35,38,20,24,73,17,46,52,45,12,44,29,20,60,45,61,53,51,57,133,40,37,20,23,27,30,33,21,33,38,95,57,55,36,58,37,63,126,52,35,67,52,101,71,69,35,45,44,51,56,41,53,59,69,97,91,69,82,109,102,134,138,101,106,204,121,144,253,160,116,70,52,51,63,50,47,74,55,90,81,80,55,77,77,91,86,117,132,128,123,177,83,72,57,74,44,69,96,120,109,99,95,129,73,87,57,70,93,112,102,190,112,99,71,96,84,72,66,40,51,51,59,53,43,47,54,106,45,55,44,56,45,45,35,42,80,49,42,56,41,48,39,22
Europe,ES,Spain,El Mundo (Spain),14,16,10,9,14,14,7,14,21,14,14,17,13,23,19,12,12,24,36,10,18,12,25,38,17,17,22,16,14,22,12,23,17,21,40,24,54,76,71,59,55,84,63,68,73,150,121,153,94,103,83,96,113,132,136,76,81,106,88,91,69,56,69,62,64,59,54,30,19,60,95,156,94,79,72,50,60,48,36,31,45,52,64,67,67,33,79,56,48,61,64,30,22,59,42,29,44,26,47,37,21,15,24,24,25,33,35,30,21,27,32,12,25,30,37,15,26,22,34,17,39,30,32,54,52,56,49,25,55,66,62,62,43,29,49,44,56,101,66,56,61,88,155,210,77,76,61,77,73,96,80,37,72,89,137,70,110,90,109,74,91,121,82,63,103,128,106,105,108,86,103,98,85,111,74,57,93,138,164,121,108,139,181,120,180,203,165,112,188,200,218,105,67,51,22,20,30,32,27,18,22,24,40,25,38,22,44,36,31,42,44,56,54,53,78,44,49,29,39,50,40,60,71,61,52,58,76,49,48,34,62,47,70,80,69,44,75,45,44,62,47,51,36,28,42,44,41,18,26,39,88,46,46,26,49,44,39,30,32,54,54,38,33,42,25,34,16
Europe,ES,Spain,La Vanguardia (Spain),5,14,12,14,19,15,11,13,12,21,19,39,24,57,28,11,15,28,27,14,28,15,26,49,15,28,14,23,16,23,30,14,35,43,103,78,144,144,104,85,87,81,81,59,51,83,84,99,48,48,51,60,60,52,71,24,33,80,47,53,59,50,47,54,37,20,30,38,58,56,85,130,52,52,24,23,25,12,14,34,27,23,29,42,23,13,33,19,9,19,14,13,20,10,19,42,16,19,17,17,21,22,13,9,7,14,36,13,21,14,8,13,18,23,12,18,25,14,28,8,27,10,21,26,19,16,21,10,22,19,54,49,49,23,36,16,21,26,23,27,32,32,54,81,37,34,28,34,32,24,26,26,32,40,96,31,58,31,33,31,37,58,55,40,46,31,39,30,41,30,29,31,29,45,39,31,34,70,60,56,53,51,74,58,69,62,63,58,89,78,68,127,65,74,41,30,52,48,40,22,48,42,54,39,52,47,40,66,59,60,74,65,97,92,119,47,53,45,46,40,59,60,87,81,73,70,115,55,57,38,56,70,69,69,98,70,72,76,54,80,55,62,61,75,65,85,53,39,37,72,122,55,64,45,59,52,42,35,72,73,68,45,79,34,52,49,34
Europe,ES,Spain,Expansión (Spain),9,5,10,13,21,34,34,8,20,22,28,34,24,30,20,11,15,22,31,6,34,6,21,16,11,15,15,15,9,10,13,17,13,20,35,13,43,62,48,30,35,72,34,12,33,53,69,52,38,24,36,34,32,35,35,6,16,34,26,33,28,16,25,14,17,20,23,9,31,35,22,33,12,15,13,11,19,15,1,5,6,24,19,10,15,5,11,10,6,6,4,1,4,12,8,10,8,4,5,5,3,5,5,3,3,5,5,4,4,2,2,4,5,9,4,1,3,3,3,3,14,8,4,6,12,4,1,3,9,12,13,10,5,5,6,3,4,13,10,6,12,19,21,39,16,10,8,10,6,14,18,7,8,8,43,18,29,19,18,17,24,41,22,6,22,15,19,15,34,18,15,15,14,33,15,7,22,30,44,34,40,53,43,33,31,41,27,30,51,57,69,137,98,64,30,19,36,33,28,18,17,53,46,28,41,47,57,49,51,79,57,29,71,56,88,54,58,42,47,35,59,49,33,38,36,52,90,41,44,37,35,35,61,41,39,14,59,41,41,51,48,48,29,55,48,48,44,14,44,34,56,31,33,29,32,25,25,21,24,21,22,43,32,19,29,20,18
Europe,SE,Sweden,Dagens Nyheter (Sweden),4,2,2,9,8,7,4,8,5,7,7,8,10,12,6,6,2,7,17,9,9,15,10,12,13,2,2,10,6,7,7,14,15,15,29,40,37,48,34,32,36,26,22,26,31,28,31,53,44,28,45,34,30,33,23,20,41,31,30,27,21,25,24,11,21,29,21,8,37,31,29,74,22,15,18,14,12,19,9,13,14,11,19,25,19,10,14,14,17,10,10,22,9,7,22,19,7,9,12,12,16,13,11,17,7,10,21,26,9,12,16,19,19,6,4,7,21,12,16,6,8,12,12,12,7,4,9,10,9,9,16,12,13,12,13,8,22,12,12,15,29,34,54,54,24,24,22,30,28,17,15,23,24,19,57,45,20,14,18,21,27,30,17,25,32,17,47,19,24,23,13,17,19,12,34,91,38,54,44,85,44,30,59,52,58,39,44,37,60,33,40,72,52,28,31,28,26,25,19,22,39,28,42,61,32,57,52,38,39,55,40,66,54,59,57,29,30,26,32,42,46,37,52,58,48,36,65,47,41,32,31,42,39,39,42,69,42,30,43,56,32,25,22,31,37,36,18,23,31,47,46,25,34,36,38,25,22,21,38,34,17,15,27,27,25,18,18
Europe,SE,Sweden,Aftonbladet (Sweden),,1,1,2,2,4,4,2,3,2,5,1,5,1,1,2,7,,8,4,4,3,,2,9,3,2,3,3,4,10,6,13,12,46,15,60,46,47,43,45,38,28,46,37,34,26,33,21,11,15,7,9,16,7,8,12,6,14,10,2,2,8,4,9,8,4,6,1,5,8,12,3,9,3,1,4,4,15,6,4,2,8,5,5,2,3,6,4,6,2,8,2,5,10,11,2,6,6,7,4,10,9,8,7,5,6,8,8,3,2,5,3,5,3,4,6,6,6,3,4,7,6,5,11,3,2,7,4,7,5,5,3,3,10,2,2,2,8,4,10,7,25,23,5,8,5,7,10,7,14,8,11,9,15,18,21,3,10,12,13,15,9,14,15,10,12,9,11,8,10,5,9,9,18,33,19,22,15,20,20,17,21,19,23,16,26,26,19,14,15,28,32,21,13,13,14,16,13,8,20,21,25,25,13,16,15,21,11,16,32,41,26,29,27,25,22,8,22,17,23,29,24,32,27,26,40,15,19,10,13,17,19,20,24,25,16,12,16,29,17,18,19,23,15,24,19,11,15,18,28,14,19,9,7,10,13,0,16,16,19,17,14,11,18,7,7
Europe,SE,Sweden,Expressen (Sweden),3,1,1,4,4,3,,3,1,3,3,1,4,,1,1,1,3,1,4,3,5,1,3,3,1,2,3,1,1,1,5,6,8,44,19,19,,14,12,20,7,15,10,8,16,11,25,11,10,10,11,10,17,17,10,15,9,8,7,10,8,5,5,6,6,6,5,6,3,5,23,13,4,2,4,1,3,3,4,4,5,7,6,7,2,4,3,6,4,3,7,9,5,,5,2,5,5,3,6,1,6,5,4,,4,8,7,4,10,3,7,7,6,5,8,5,3,6,8,6,5,10,1,2,1,2,4,4,5,8,5,3,4,4,3,8,4,10,6,4,8,16,4,2,6,3,4,8,8,8,7,6,12,9,14,5,5,7,7,23,6,6,6,6,46,30,32,17,29,15,15,12,21,34,9,24,17,24,11,16,22,31,40,76,62,55,43,46,49,42,55,41,16,5,9,9,15,10,18,20,25,29,21,19,18,18,15,15,23,31,20,25,23,18,11,11,12,13,9,10,18,23,15,17,33,11,6,8,12,10,14,13,12,12,12,12,12,13,9,10,20,12,10,19,12,9,9,15,11,7,11,11,14,7,11,7,9,14,7,7,6,5,7,9,9
North America,CA,Canada,Globe & Mail (Canada),18,23,26,18,21,25,23,22,26,36,37,30,37,77,65,43,44,29,63,34,43,45,42,71,41,33,42,69,104,105,54,62,82,114,133,103,234,236,171,141,160,195,110,99,134,148,126,166,134,152,120,125,121,158,166,73,104,102,66,66,86,66,71,92,98,64,184,48,69,128,119,213,94,77,56,59,71,58,58,54,49,46,57,66,43,35,33,55,38,38,31,43,51,34,39,68,39,44,30,55,36,26,34,32,20,32,55,38,43,51,51,56,53,45,52,37,36,39,51,32,54,36,30,58,72,73,43,34,98,57,74,40,47,34,35,43,50,82,71,75,85,109,147,136,92,81,83,96,95,95,38,63,82,83,107,104,70,44,59,35,83,77,71,45,73,71,46,51,49,42,52,76,61,60,41,50,58,78,74,88,63,45,64,118,114,110,102,95,124,175,146,130,115,156,76,41,58,45,53,45,106,85,91,88,84,50,81,90,55,78,125,119,137,140,206,92,75,59,83,93,98,93,67,100,99,174,109,82,84,47,97,81,103,133,136,135,103,61,89,75,71,72,71,84,54,75,97,79,72,66,84,48,87,47,47,67,43,58,63,46,50,46,63,52,30,27,41
North America,US,United States,Los Angeles Times (US),18,15,21,15,25,29,15,30,17,26,25,28,28,29,15,16,14,36,38,26,39,14,16,31,32,30,32,46,49,63,62,67,71,65,55,48,95,96,85,108,72,84,91,74,82,78,90,98,79,71,58,68,57,75,80,41,53,57,67,60,49,64,47,55,32,39,54,51,58,59,79,88,52,49,53,50,38,37,39,29,52,79,43,30,31,27,26,33,21,29,27,26,32,18,27,32,27,22,28,29,8,31,26,22,18,21,44,36,26,25,33,28,25,36,27,35,27,26,34,18,29,51,24,9,44,47,22,32,61,32,61,52,68,39,39,45,55,48,50,66,102,64,63,105,68,48,42,51,50,55,42,55,58,47,96,79,93,53,59,75,53,84,91,67,66,58,42,69,57,36,44,57,58,31,69,66,76,60,69,96,64,76,68,61,81,54,69,88,100,80,119,89,80,70,52,46,32,25,34,61,96,62,93,44,62,60,60,73,65,71,97,127,125,120,119,90,90,59,77,82,98,69,114,129,129,102,98,69,99,78,66,96,72,92,96,123,83,87,96,77,68,69,79,73,73,92,83,60,104,69,70,51,102,57,50,63,55,47,53,80,52,59,52,57,43,49,39
North America,CA,Canada,National Post (Canada),11,14,27,18,27,31,16,9,22,14,23,28,15,50,33,35,12,17,16,22,23,14,28,13,33,29,30,39,80,56,29,35,43,73,53,60,104,180,120,108,114,133,44,67,63,96,70,87,58,61,67,68,73,98,92,73,70,64,69,43,49,66,56,53,54,38,45,38,61,101,97,206,64,63,65,33,45,48,30,30,37,51,41,45,35,31,29,41,44,30,15,41,20,30,44,49,24,22,34,25,32,25,5,13,13,21,20,23,46,32,39,30,20,41,24,12,51,47,36,20,30,39,20,38,20,31,15,11,31,27,43,40,39,31,31,59,38,67,53,43,73,67,109,100,35,47,57,49,42,46,22,36,42,60,56,54,39,29,61,32,43,75,40,45,45,45,46,43,39,34,24,39,33,29,33,32,29,55,39,12,0,43,33,65,73,77,40,73,67,126,118,64,146,353,172,125,113,129,127,182,332,237,381,583,665,595,813,880,721,791,779,689,933,764,433,112,49,58,99,119,110,120,88,80,89,89,112,84,79,53,78,72,57,92,47,82,101,64,95,79,69,69,68,70,58,61,59,60,68,71,75,37,105,55,94,100,60,47,38,55,36,45,86,66,35,37,28
North America,US,United States,New York Times (US),35,21,23,27,39,36,27,33,43,48,33,37,39,40,37,30,40,59,53,36,63,41,54,81,50,64,53,77,103,94,74,75,80,72,99,87,137,138,142,161,162,134,150,75,103,118,126,163,121,102,102,110,100,129,106,95,105,111,100,104,112,118,110,126,91,66,92,90,108,111,127,164,97,79,74,78,72,63,66,59,60,62,80,66,51,56,65,61,51,45,61,60,60,72,57,77,46,54,64,71,48,49,66,58,73,70,134,76,83,84,57,83,68,81,65,48,83,76,90,69,77,70,54,79,116,91,78,58,119,91,148,108,100,93,78,100,94,116,97,96,139,93,123,176,115,102,94,115,99,101,70,93,136,128,346,343,372,102,142,131,128,169,141,110,128,117,108,277,317,179,258,267,217,191,252,337,282,402,373,270,259,302,423,329,355,357,378,496,524,461,448,424,466,398,284,431,314,213,298,289,429,466,337,323,344,338,333,379,363,454,537,497,575,646,617,419,277,297,360,351,347,355,529,505,474,412,486,331,333,272,341,296,331,386,473,466,406,322,398,346,312,296,329,342,336,335,408,318,337,416,355,273,424,304,296,348,293,247,317,242,315,261,265,193,221,199,201
North America,CA,Canada,Toronto Star (Canada),19,20,21,27,29,53,29,23,18,32,31,28,44,60,30,35,30,36,45,47,38,26,54,81,47,35,47,64,80,68,73,66,74,97,95,107,155,185,184,165,150,153,112,105,104,124,122,150,124,89,146,81,67,140,109,58,99,117,72,59,70,81,65,59,47,37,51,51,62,73,88,167,68,46,68,55,47,85,33,30,40,40,46,48,40,22,49,39,50,35,21,41,32,29,39,75,46,32,35,59,14,36,34,47,31,34,50,41,45,33,55,40,39,46,47,29,34,26,46,25,47,46,44,29,29,169,75,38,67,54,100,57,67,39,43,67,50,75,81,75,92,107,171,135,100,84,136,77,86,81,48,66,71,57,74,79,76,35,47,58,80,96,68,39,83,47,60,49,48,51,60,44,65,104,63,93,55,92,78,82,79,61,77,152,141,153,89,150,214,301,141,133,142,121,75,47,40,35,32,48,89,66,87,95,88,52,72,67,47,58,93,114,168,144,150,70,44,47,82,84,88,89,177,175,150,97,177,168,140,100,124,143,178,196,92,86,90,64,69,67,75,42,68,75,51,68,65,52,66,61,59,38,75,33,34,48,30,60,42,38,47,51,60,43,31,21,23
North America,US,United States,USA Today (US),5,3,2,9,10,5,3,7,5,6,10,8,0,10,0,4,5,11,14,5,10,8,7,8,10,7,10,8,25,27,10,15,12,17,23,16,25,29,34,26,27,45,29,27,20,26,31,30,30,22,20,24,23,22,25,26,20,19,23,14,25,20,22,27,12,8,15,15,20,23,28,42,13,12,19,22,7,14,14,7,13,12,21,11,8,10,16,9,12,20,9,14,13,12,11,7,14,7,9,6,8,14,11,14,12,20,21,4,14,16,13,11,13,22,16,11,13,14,8,15,20,23,18,14,20,18,13,8,21,9,23,12,8,15,9,19,12,32,12,22,41,16,23,38,21,16,11,16,9,12,16,13,22,13,17,20,33,18,15,12,18,22,25,15,24,11,15,10,11,7,5,9,8,3,10,9,12,8,10,8,14,10,12,10,12,18,11,7,14,9,12,12,12,14,15,10,11,5,8,12,21,11,19,9,22,13,9,16,16,33,14,15,16,19,18,16,12,8,21,11,10,12,12,24,25,14,16,13,22,55,47,17,26,37,31,28,26,18,28,22,32,23,27,28,20,23,18,20,22,20,15,17,26,21,11,39,20,19,36,29,26,11,8,6,28,29,53
North America,US,United States,Wall Street Journal (US),1,3,1,1,7,6,2,3,7,10,4,6,3,9,6,5,8,11,6,7,2,6,8,12,5,9,5,7,9,11,9,8,15,4,13,10,30,28,33,41,22,34,26,16,32,30,26,30,30,23,25,41,35,32,37,8,16,17,35,24,16,17,39,47,46,43,38,33,32,38,46,93,25,30,23,27,23,18,23,12,13,23,20,21,16,3,3,17,9,15,6,8,8,18,11,22,8,11,16,10,7,10,6,9,9,10,22,15,22,10,15,10,13,20,9,12,23,24,14,3,18,17,13,23,21,31,26,21,26,22,30,21,14,9,14,23,16,33,20,27,29,24,36,43,10,15,13,22,12,18,16,13,23,11,21,17,13,27,19,12,20,50,23,11,13,14,21,11,15,8,8,17,16,14,3,12,5,21,10,13,26,7,12,9,9,11,9,16,13,17,14,13,17,17,6,3,3,2,8,8,6,6,4,15,7,14,8,19,14,14,17,23,18,25,26,13,17,19,23,11,15,13,14,14,14,9,18,3,14,3,4,17,5,15,11,14,11,7,9,6,9,10,2,8,4,2,3,5,0,2,4,3,3,3,3,2,0,3,2,1,4,2,1,2,1,3,1
North America,US,United States,Associated Press,23,19,24,12,35,26,29,12,27,33,46,45,32,66,14,22,21,66,81,35,43,40,51,64,38,26,42,34,61,79,62,43,98,114,127,97,219,227,227,250,274,295,219,167,265,241,265,275,222,226,238,230,185,210,190,119,113,131,135,141,101,151,154,136,125,148,153,81,203,187,208,232,110,75,108,103,98,87,81,58,73,88,92,90,54,54,50,49,60,76,50,59,57,64,68,97,70,47,64,45,55,38,35,45,47,51,68,69,64,61,59,52,69,89,50,39,62,51,77,34,52,70,59,58,96,96,63,34,90,61,97,104,92,71,81,87,109,155,87,105,168,121,188,139,100,88,76,71,93,88,100,96,171,139,158,133,152,79,131,105,131,235,127,88,127,143,122,115,97,67,86,63,61,105,76,114,139,143,137,157,113,138,218,153,181,239,171,233,282,252,381,396,406,302,202,116,69,58,94,92,186,179,184,113,162,172,166,191,157,234,248,290,384,439,338,194,167,129,175,199,246,248,313,301,322,227,336,212,191,148,230,205,205,255,321,274,288,182,249,199,149,135,179,158,198,204,233,162,223,206,210,130,226,135,136,119,155,117,157,154,118,129,143,93,75,99,85
North America,CA,Canada,The Canadian Press,15,33,40,22,30,51,23,20,33,36,54,43,49,58,45,30,32,47,93,39,52,68,116,155,56,57,41,56,115,108,61,54,109,120,144,119,192,272,243,163,133,133,86,106,158,202,249,237,151,184,167,161,160,157,163,97,135,130,104,103,77,146,107,80,93,125,161,155,580,579,822,1202,356,306,404,302,279,294,196,150,240,211,283,274,133,84,110,89,111,169,99,50,70,58,83,87,43,49,48,55,38,47,37,38,49,44,89,81,66,87,76,71,68,103,58,48,94,64,101,53,81,58,75,62,86,117,77,34,105,55,116,120,96,87,82,119,126,154,134,126,160,151,337,209,128,147,163,158,144,165,106,134,208,189,234,194,191,105,154,114,200,262,160,139,198,226,200,170,144,136,154,143,141,190,108,180,196,194,216,228,162,169,260,264,282,270,175,267,349,356,310,296,269,231,144,93,106,86,119,126,226,204,316,239,269,268,335,316,227,331,363,400,539,600,558,306,284,224,287,370,361,361,389,418,474,426,944,679,596,423,428,368,373,395,456,456,452,351,469,401,326,298,366,355,360,337,376,284,317,383,356,247,321,204,221,226,209,264,246,252,274,231,235,212,176,187,190
North America,US,United States,Washington Post (US),18,15,21,15,25,29,15,30,17,26,25,28,28,29,15,16,14,36,38,26,39,14,16,31,32,30,32,46,49,63,62,67,71,65,55,48,95,96,85,108,72,84,91,74,82,78,90,98,79,71,58,68,57,75,80,41,53,57,67,60,49,64,47,55,32,39,54,51,58,59,79,88,52,49,53,50,38,37,39,29,52,79,43,30,31,27,26,33,21,29,27,26,32,18,27,32,27,22,28,29,8,31,26,22,18,21,44,36,26,25,33,28,25,36,27,35,27,26,34,18,29,51,61,63,66,69,63,50,81,66,90,59,72,69,60,81,50,86,51,62,102,73,106,120,83,53,52,77,55,66,60,71,86,76,96,106,132,67,105,100,80,107,96,74,91,74,94,50,72,42,39,76,55,52,37,46,73,98,98,112,106,115,126,88,113,140,101,134,146,114,120,141,164,117,88,86,52,52,55,93,108,106,124,83,116,97,110,158,104,141,154,155,174,239,215,113,117,91,99,111,105,107,169,172,138,102,148,77,110,80,97,102,93,89,130,131,114,84,88,87,78,72,87,65,81,95,103,88,70,87,80,57,88,62,51,68,57,40,62,38,40,48,36,30,36,25,30
South America,AR,Argentina,La Nación (Argentina),0,0,2,0,2,0,0,1,3,1,1,31,3,6,0,0,3,1,0,1,0,2,4,11,6,7,4,3,6,2,0,0,1,5,4,3,16,15,14,16,8,11,16,7,12,19,14,8,5,11,12,8,14,11,3,0,2,1,3,6,6,7,6,7,1,4,2,5,9,12,17,31,9,11,16,11,7,2,4,4,10,6,2,1,3,2,6,3,5,6,2,4,7,4,1,4,3,5,1,3,3,2,2,2,2,1,3,2,0,0,3,2,2,4,0,0,3,7,3,5,8,1,4,21,5,15,9,6,58,11,8,0,8,5,14,9,5,19,12,19,18,9,14,21,16,12,18,14,6,9,5,5,18,13,17,10,16,4,13,7,8,13,6,5,5,7,3,3,5,5,3,0,3,0,9,3,0,6,15,12,6,6,7,1,10,4,5,10,18,7,8,14,6,5,8,1,1,7,1,5,5,11,10,6,5,5,12,8,12,28,31,39,46,74,74,36,55,58,37,39,30,47,37,70,344,377,635,336,360,296,349,126,77,114,125,41,91,53,80,58,63,47,51,61,69,83,39,51,69,69,135,54,84,69,64,46,58,40,37,49,50,45,59,39,57,31,37
South America,AR,Argentina,Clarín (Argentina),,,,,,,,,,,,,3,5,3,2,1,2,7,1,2,0,5,7,1,4,1,4,4,2,1,2,3,2,7,4,6,11,7,10,8,10,9,8,16,16,17,5,5,5,15,9,10,11,6,4,4,11,12,12,10,7,9,8,11,4,5,1,8,13,12,29,9,3,9,4,2,5,3,8,3,5,6,14,2,5,6,4,3,6,3,1,4,2,2,3,3,2,2,0,2,1,0,3,1,2,0,0,0,0,0,0,0,0,0,0,0,0,0,0,0,0,0,0,0,0,0,0,0,0,0,0,0,0,0,0,0,0,0,0,0,0,0,0,0,0,0,0,0,0,0,0,0,0,0,0,0,0,0,0,0,0,0,0,0,0,0,0,0,0,0,0,0,0,0,0,4,3,9,8,3,0,2,0,0,3,3,0,8,4,11,8,1,3,25,58,64,43,58,76,99,101,95,77,92,78,59,94,72,82,90,104,117,158,160,86,86,94,87,72,68,101,102,79,34,76,130,65,74,75,106,54,67,74,85,83,86,70,84,77,65,43,52,46,78,59,62,47,66,65,74,47,77,37,53,43,53,42,43,50,71,48,65,39,55,28,35
South America,CL,Chile,El Mercurio (Chile),0,0,1,0,0,0,0,0,0,1,4,0,1,4,1,0,3,0,2,0,0,1,3,9,7,7,4,9,7,7,4,3,7,4,7,6,22,48,27,19,39,16,14,11,21,29,18,19,13,12,21,13,15,12,5,8,12,6,12,5,7,14,18,18,11,10,1,4,14,10,32,45,16,11,13,10,14,11,11,11,11,9,16,15,8,10,7,7,5,9,2,6,8,8,13,11,5,10,9,6,5,8,10,5,5,8,17,7,10,7,9,5,12,7,6,7,7,6,12,8,3,9,9,11,8,11,20,11,33,18,31,29,17,21,28,30,21,27,27,26,28,33,42,39,28,21,32,29,34,28,20,27,33,35,43,33,27,32,36,41,31,46,31,23,29,31,33,34,34,23,18,24,24,24,25,27,36,41,28,50,43,39,51,61,56,75,44,103,144,101,53,90,80,73,36,29,26,25,29,37,58,68,62,50,49,43,37,37,53,42,47,88,60,85,108,92,60,61,49,57,74,71,44,55,60,45,73,54,53,51,58,64,50,50,52,34,67,66,62,74,66,59,53,86,54,53,46,61,79,80,91,64,64,44,53,56,75,37,50,36,43,62,59,39,37,18,27
South America,BR,Brazil,O´Globo (Brazil),,,,,,,,,,,,,0,0,0,1,9,26,22,8,16,15,19,16,15,12,24,10,25,11,15,20,21,20,37,21,46,98,96,83,98,104,51,45,88,28,26,13,11,8,6,5,14,20,12,4,20,13,25,25,27,9,21,17,10,26,35,22,36,41,53,99,32,13,18,19,16,19,14,18,16,22,17,30,12,15,62,5,6,10,4,2,10,13,13,24,13,14,7,11,1,10,10,7,13,18,26,23,22,8,13,11,7,11,8,6,9,17,22,12,11,18,12,18,5,2,5,8,9,12,10,8,11,5,9,4,2,7,3,2,1,9,6,6,3,1,3,7,1,3,2,8,2,2,7,5,7,0,0,6,7,8,6,2,3,5,4,5,2,2,9,5,3,5,3,6,2,7,8,7,7,3,0,9,4,6,4,12,5,8,10,4,8,9,6,1,1,2,8,5,10,7,8,5,13,9,5,30,10,80,61,81,77,92,92,33,63,70,85,66,56,40,76,40,29,30,119,49,55,52,45,48,66,79,110,98,157,86,83,36,54,49,50,46,85,58,54,42,93,77,146,50,80,55,50,56,43,77,64,32,35,47,53,8,5,4,28
South America,BR,Brazil,Folha de S.Paulo (Brazil),,,,,,,,,,,,,16,18,8,7,10,11,19,7,26,14,20,20,15,18,7,9,21,12,8,18,21,17,41,22,32,87,74,72,67,78,28,34,43,48,55,59,41,32,30,45,39,66,55,28,33,21,53,52,41,44,47,45,29,33,38,61,68,55,101,123,41,49,42,31,20,30,18,22,28,19,31,38,32,20,27,16,27,24,18,15,10,18,11,15,13,9,11,18,17,30,12,16,5,14,26,19,14,8,9,5,13,10,10,10,15,10,27,5,10,12,13,14,11,20,10,7,23,14,18,21,24,12,17,12,14,15,15,19,30,9,10,14,2,5,2,5,4,2,5,2,4,2,8,5,8,2,7,5,11,8,10,7,11,12,11,9,7,6,9,2,1,4,7,9,2,10,14,13,17,6,6,10,16,8,14,26,33,14,25,26,28,10,6,5,6,9,14,5,13,19,15,15,19,22,17,44,10,13,29,34,41,55,99,25,7,11,24,27,21,23,24,20,26,39,101,31,39,29,34,34,42,36,48,63,49,36,97,76,76,38,51,42,72,70,57,48,87,95,119,63,63,49,51,67,56,63,68,76,75,90,255,37,15,28,35
South America,MX,México,El Universal (México),,,,,,,,,,,,,0,0,0,0,6,7,18,3,10,5,13,7,7,5,13,5,6,14,14,2,9,15,11,6,29,34,29,39,37,36,33,27,35,46,34,26,15,12,12,15,33,14,17,5,3,5,4,2,12,8,6,11,2,7,1,4,6,9,33,39,17,26,29,21,43,32,44,31,57,60,141,179,29,19,34,28,26,36,16,20,31,23,28,30,31,40,15,13,25,21,6,10,18,19,11,13,12,12,5,12,9,7,5,3,5,12,8,4,6,9,7,11,11,13,12,16,4,14,16,13,14,8,24,13,22,28,22,16,43,43,69,40,19,21,28,34,30,25,18,15,34,35,30,44,12,25,28,21,41,52,20,24,15,33,32,21,13,24,25,24,17,26,12,25,16,32,15,19,21,18,19,29,50,40,42,27,40,39,20,39,42,17,17,10,26,31,9,10,21,40,27,14,24,24,29,47,28,20,25,16,36,53,21,0,0,0,7,40,34,50,34,14,8,12,7,5,5,12,10,7,3,19,8,8,16,12,24,13,16,16,48,57,58,48,65,21,39,50,67,22,59,34,38,49,51,41,29,23,23,53,28,22,7,10,21
South America,MX,México,Reforma (México),,,,,,,,,,,,,17,23,11,6,11,10,7,11,7,21,12,31,12,17,22,13,16,12,12,8,14,23,16,15,46,66,84,87,102,82,72,66,61,64,72,73,63,53,65,56,82,62,79,33,49,49,60,49,56,37,47,46,36,52,43,48,70,73,64,95,71,69,59,39,71,63,69,69,85,85,210,138,52,34,42,40,38,53,31,29,41,43,63,58,41,44,34,34,25,43,24,28,31,26,29,32,30,19,32,26,31,35,27,23,36,42,32,17,27,22,29,35,26,40,33,21,34,16,28,30,15,20,20,17,19,31,17,20,25,32,50,41,20,22,35,36,28,29,16,24,29,25,28,38,17,15,20,21,20,46,29,23,24,17,25,26,18,21,31,18,11,35,15,19,25,19,26,19,17,12,22,31,45,46,27,32,34,34,27,38,30,30,14,7,20,22,26,17,18,37,37,22,25,30,37,63,31,33,31,29,68,85,96,36,41,34,39,47,42,65,42,51,28,33,50,25,52,33,40,40,34,49,41,32,39,49,53,47,38,35,43,51,53,51,49,23,28,38,49,25,36,24,25,26,28,34,20,32,23,30,17,14,17,22,14
South America,CR,Costa Rica,La Nación (Costa Rica),,,,,,,,,,,,,0,0,0,0,4,0,3,1,2,3,1,1,1,1,1,2,0,1,0,0,2,3,2,3,4,7,5,5,6,5,15,16,4,11,4,10,3,10,3,3,6,11,13,2,1,5,6,5,1,7,4,1,3,3,15,9,30,15,29,41,19,18,6,9,23,19,14,13,13,16,14,33,8,15,19,12,15,19,10,17,7,14,11,13,7,9,19,10,18,14,3,7,4,4,18,11,5,7,7,14,6,6,8,4,16,6,19,8,4,9,9,14,7,14,8,8,9,10,8,15,4,5,6,4,4,10,8,9,11,6,9,20,15,5,15,14,9,12,11,6,9,11,11,6,6,3,7,5,9,10,8,7,3,8,0,1,7,2,2,1,1,0,1,7,6,7,2,5,2,1,6,21,9,11,2,8,9,8,3,5,3,2,2,5,2,4,1,4,2,2,7,8,8,5,8,2,4,9,1,0,1,0,3,0,6,9,7,9,9,12,2,6,4,9,6,6,2,10,5,6,10,6,4,9,14,9,3,8,5,3,3,3,7,4,3,2,0,4,3,6,5,1,1,1,3,1,0,1,7,2,1,4,6,1,0
South America,PE,Perú,El Comercio (Perú),,,,,,,,,,,,,0,0,0,0,2,6,4,0,14,7,6,7,2,5,6,3,7,4,2,1,3,9,7,4,6,6,10,15,9,9,8,6,4,4,7,14,12,8,17,18,35,15,10,5,8,11,14,16,12,11,5,14,7,20,8,8,13,15,24,45,23,11,23,17,16,18,10,8,5,7,1,8,4,4,17,7,3,6,3,8,7,4,10,6,5,2,1,6,2,8,4,7,5,4,8,8,9,7,9,4,1,2,0,0,1,1,4,11,14,7,11,8,3,12,12,10,0,4,24,41,12,3,5,8,10,14,5,5,8,9,8,27,6,6,4,8,4,4,6,3,4,7,8,9,11,9,15,16,4,13,10,4,13,3,3,3,2,2,2,3,5,10,3,7,4,9,13,14,9,3,13,4,13,7,11,14,17,10,5,19,7,9,8,2,5,4,5,2,5,7,11,5,9,2,7,3,8,4,4,10,7,8,12,10,6,5,1,5,6,7,7,10,6,5,16,4,3,7,10,1,2,3,9,8,19,9,8,9,9,10,6,8,2,10,6,7,4,6,11,3,4,5,3,0,3,3,4,2,5,1,2,1,0,0,2
South America,EC,Ecuador,El Comercio (Ecuador),,,,,,,,,,,,,0,0,0,1,0,2,3,0,13,4,3,2,5,3,1,3,3,1,1,1,2,3,6,3,11,8,10,4,0,6,4,1,6,21,6,5,4,3,2,4,4,1,3,1,1,1,4,1,4,0,1,4,0,3,0,4,2,2,14,16,11,5,5,1,2,3,1,2,1,0,2,2,2,0,2,1,0,1,1,0,1,0,0,1,0,0,0,0,0,2,0,2,1,0,1,0,2,2,3,1,3,1,0,5,2,2,4,0,4,0,5,7,2,2,0,5,2,2,1,9,6,1,3,4,0,1,1,0,0,0,1,7,3,4,4,2,1,1,0,3,5,1,3,3,1,2,7,3,1,4,2,0,4,2,4,3,2,1,1,0,0,0,0,0,0,0,0,0,2,3,1,1,8,2,4,1,1,0,5,2,2,5,1,0,0,1,1,1,0,2,1,3,1,1,1,4,0,0,3,2,1,0,0,2,0,6,6,0,1,3,0,1,0,2,51,26,33,19,22,20,21,27,15,3,1,2,1,2,0,1,1,5,29,9,25,12,25,47,36,12,14,9,6,6,2,4,19,12,8,5,11,11,8,9,10
South America,UY,Uruguay,El País (Uruguay),,,,,,,,,,,,,0,0,0,0,0,5,11,5,8,5,3,5,4,1,1,1,4,0,2,1,5,0,10,6,1,17,8,7,10,8,12,13,9,8,9,13,6,2,7,4,7,11,6,3,9,5,4,4,12,11,18,16,12,9,6,5,6,5,14,24,10,7,9,16,8,11,4,6,3,13,12,7,5,5,5,1,3,5,3,5,6,4,3,6,11,6,2,3,5,0,2,1,4,5,2,5,4,4,5,0,0,0,5,3,6,10,6,5,3,5,6,7,4,7,4,6,7,8,10,5,10,7,7,5,6,17,6,8,11,13,10,12,9,6,11,7,7,8,5,7,9,3,14,11,8,6,11,8,10,8,11,8,5,9,21,13,16,9,5,11,19,11,11,9,5,8,6,6,4,3,5,5,6,7,5,11,21,6,8,8,7,10,11,3,7,7,8,4,5,8,9,8,8,3,8,6,7,10,7,9,12,7,26,11,15,8,6,9,14,10,6,12,15,12,12,7,11,7,7,12,15,11,16,13,10,7,13,18,16,7,12,10,8,9,15,9,12,8,12,10,12,9,9,6,5,8,8,2,5,8,14,7,8,39,3
South America,UY,Uruguay,La República (Uruguay),,,,,,,,,,,,,0,0,1,4,5,11,4,4,8,7,4,5,2,1,0,3,7,2,1,0,3,4,4,4,5,8,7,9,9,12,2,6,5,3,8,4,2,2,1,2,0,1,1,1,0,1,3,0,9,18,8,6,5,6,1,3,4,1,4,7,3,1,1,5,2,2,2,12,6,7,4,2,3,2,1,2,1,1,0,1,1,1,1,3,0,0,0,0,0,0,0,3,0,0,1,0,1,0,1,2,0,0,0,0,2,1,1,0,1,0,2,0,1,1,2,0,1,0,5,2,5,0,4,2,0,2,1,1,1,4,1,4,0,1,3,0,1,1,0,0,2,2,5,3,1,1,0,1,3,4,2,0,0,1,2,1,1,2,0,0,0,0,0,0,0,0,0,0,6,9,16,6,6,6,16,17,19,8,7,29,9,8,2,1,3,2,7,6,11,3,2,6,13,8,5,10,4,13,8,3,5,12,29,17,22,14,6,15,13,37,27,24,17,29,31,18,44,18,8,8,15,15,11,11,3,5,2,4,2,3,3,7,4,6,10,5,9,14,25,19,8,10,11,9,6,13,12,3,8,7,14,5,7,4,5
South America,CO,Colombia,El Tiempo (Colombia),,,,,,,,,,,,,0,0,0,0,0,0,0,0,0,0,0,0,0,0,0,0,0,0,0,0,0,0,0,0,0,0,0,0,0,0,0,0,0,0,0,0,0,0,1,2,0,0,2,0,0,3,16,31,10,17,24,19,9,25,33,19,29,35,42,59,26,17,18,21,22,18,19,21,13,3,1,0,5,8,10,7,9,11,17,7,8,4,18,14,10,6,10,9,9,21,12,15,10,10,18,9,12,10,14,12,14,6,7,3,6,5,9,5,5,5,9,18,7,9,11,19,20,13,12,21,12,13,11,15,15,6,14,21,24,20,29,35,20,24,16,23,11,15,15,15,8,23,27,16,19,16,25,18,7,25,20,19,25,17,26,15,25,22,20,13,10,17,19,13,18,28,17,23,25,14,20,14,24,26,18,35,32,31,18,37,30,25,31,14,19,15,18,15,25,34,59,18,13,13,19,32,22,19,20,38,15,35,50,16,19,18,29,30,36,33,45,35,35,26,50,18,29,23,22,34,39,27,38,42,33,41,22,29,35,19,0,46,40,24,30,42,41,87,48,26,37,31,25,26,38,33,49,23,34,35,50,19,29,41,28
South America,CO,Colombia,El Espectador (Colombia),,,,,,,,,,,,,0,0,0,0,0,0,0,0,0,0,0,0,0,0,0,0,0,0,0,0,0,0,0,0,0,0,0,0,0,0,0,0,0,0,0,0,0,0,0,0,0,0,0,1,1,5,4,9,4,3,8,5,5,3,0,3,2,7,6,10,1,2,1,1,1,0,0,4,0,3,3,4,0,0,0,0,0,0,0,0,0,0,0,0,0,0,0,0,0,0,0,0,0,0,0,0,0,0,0,0,0,0,0,0,0,0,0,0,8,31,47,56,40,40,57,58,72,37,54,90,37,33,60,43,44,61,60,56,110,80,136,123,71,72,52,18,30,47,30,42,26,38,55,43,53,14,4,2,3,7,3,0,0,0,1,1,0,28,70,63,43,45,56,40,60,64,62,69,67,54,57,65,49,70,61,38,54,69,70,102,82,79,37,39,34,10,0,0,27,59,100,59,60,30,46,54,23,72,64,76,86,136,134,75,65,81,69,98,85,122,88,98,79,122,196,80,84,63,107,86,89,100,103,85,102,97,93,106,89,72,62,88,83,66,71,102,112,155,128,68,89,51,67,77,74,69,71,51,77,80,93,40,43,61,35
South America,BO,Bolivia,La Razón (Bolivia),,,,,,,,,,,,,0,0,0,0,0,0,0,0,0,0,0,0,0,0,0,0,0,0,0,0,0,0,0,0,0,0,0,0,0,0,0,0,0,0,0,0,0,0,0,0,0,0,0,0,0,2,5,4,0,1,7,3,2,3,1,3,4,5,7,24,6,7,16,40,0,0,0,0,0,0,0,0,0,0,0,0,4,8,0,0,0,0,0,0,0,0,0,0,0,0,0,0,0,0,0,7,7,2,2,5,5,7,0,2,4,6,10,5,0,4,6,5,12,18,16,9,31,14,22,40,13,4,12,15,8,34,12,0,15,82,48,81,34,18,32,31,19,11,21,30,39,37,51,21,4,0,0,0,13,41,7,18,22,17,21,35,11,12,5,0,0,0,0,0,0,0,0,0,2,12,22,9,4,1,11,19,30,12,21,28,26,8,10,1,12,3,1,1,8,7,11,8,4,9,10,10,3,9,17,20,26,29,34,14,6,4,3,8,7,12,10,8,15,18,24,14,29,15,9,15,17,14,7,29,23,19,15,29,13,9,11,7,9,15,8,8,19,12,26,17,21,10,10,9,12,25,32,36,27,19,65,18,23,26,18
Africa,DZ,Algeria,El Watan (Algeria) (In French),,,,,,,,,,,,,,,,,,,,,,,,,,,,,,,,,,,,,,,,,,,,,,,,,,,,,,,,,,,,,,,,,,,,,,,,,,,,,,,,,,,,,,,,,,,,,,,,,,,,,,,,,1,1,1,1,1,0,2,4,0,1,2,7,4,5,7,3,1,2,3,1,4,0,1,1,1,2,6,3,2,2,0,3,9,2,4,8,5,2,11,16,4,2,3,0,3,2,3,5,4,5,4,4,7,1,6,5,2,4,4,3,1,7,4,6,5,6,1,2,6,1,0,0,0,2,2,3,3,5,0,1,2,2,3,3,1,2,5,4,1,4,1,3,4,2,1,1,5,0,3,3,6,1,5,2,0,2,2,2,2,2,4,2,0,0,0,0,0,0,0,0,0,0,0,0,0,0,0,0,0,0,0,0,0,0,0,0,0,0,0,0,0,0,0,0,0,0,0,0,0,0,0,0,0,0,0,0,0,0,0,0,0,0,0
Africa,EG,Egypt,Al Masry Al-Youm (Egypt),,,,,,,,,,,,,,,,,,,,,,,,,,,,,,,,,,,,,,,,,,,,,,,,,,,,,,,,,,,,,,,,,,,,,,,,,,,,,,,,,,,,,,,,,,,,,,,,,,,,,,,,,,,,,,,,,,,,,,,4,1,3,4,6,2,5,9,3,1,8,1,5,9,4,2,6,2,9,16,8,14,17,4,32,31,9,3,13,24,4,9,1,7,8,8,7,3,4,3,10,8,13,10,13,5,11,14,11,10,20,23,10,17,13,8,11,9,19,24,28,25,14,28,28,16,16,16,11,11,20,21,15,30,23,18,12,10,5,10,13,15,58,37,48,43,46,47,47,70,38,66,12,45,24,28,53,28,30,56,53,34,6,0,0,0,0,0,0,0,0,0,0,0,0,0,0,0,0,0,0,0,0,0,0,0,0,0,0,0,0,0,0,0,0,0,0,0,0,0,0,0,0,0,0,0,0,0,0
Africa,EG,Egypt,Al Gomhuria (Egypt),,,,,,,,,,,,,,,,,,,,,,,,,,,,,,,,,,,,,,,,,,,,,,,,,,,,,,,,,,,,,,,,,,,,,,,,,,,,,,,,,,,,,,,,,,1,0,2,0,1,2,2,0,0,1,2,3,0,1,1,2,0,2,3,0,2,1,4,3,1,2,0,0,2,1,1,1,1,1,1,2,1,2,0,0,2,2,2,1,2,3,0,2,2,1,2,5,2,8,4,3,7,3,5,4,3,5,4,5,11,9,4,1,5,6,2,7,4,7,2,4,6,7,4,4,6,1,5,9,2,2,8,17,8,12,3,5,16,4,3,3,4,0,0,0,4,37,50,34,32,17,11,16,19,15,26,41,33,38,28,30,51,39,39,27,57,30,34,13,19,33,21,23,32,43,23,38,39,34,89,145,140,252,61,50,42,52,53,53,48,78,78,125,78,71,50,38,38,27,34,23,41,23,25,28,24,58,21,16,7,7,18,13,14,8,0,5,8,7,2,9,12,6
Africa,ZA,South Africa,Business Day (SA),0,0,0,0,0,0,0,0,0,0,1,0,0,1,0,0,0,0,3,1,0,0,7,7,3,3,13,4,5,7,12,16,9,12,33,13,21,32,27,33,34,35,25,17,18,23,26,21,11,30,11,16,14,23,24,23,17,20,23,7,13,14,24,6,13,17,17,25,25,35,51,71,25,24,17,14,23,23,17,49,20,23,26,41,24,35,36,15,36,34,37,56,52,39,99,86,21,31,44,39,46,49,48,65,34,13,30,29,20,25,14,19,21,24,16,29,23,23,17,7,32,19,25,7,8,13,5,8,15,12,16,1,6,15,8,14,12,16,12,10,20,27,16,14,5,8,4,8,13,11,8,7,12,11,6,0,0,1,15,39,55,59,52,38,46,26,69,16,28,58,36,37,27,32,38,44,24,50,38,23,37,71,66,44,99,92,34,45,61,60,64,30,52,34,47,31,9,18,22,12,22,29,35,6,25,29,28,29,29,101,35,74,75,51,74,28,36,51,55,28,34,29,18,40,25,31,40,8,18,11,28,25,22,30,28,20,44,31,76,28,37,26,15,31,16,15,24,27,25,35,35,11,32,22,34,10,7,14,19,15,6,19,15,3,8,6,5
Africa,ZW, Zimbabwe,The Herald (Harare Zimbabwe),,,,,,,,,,,,,,,,,,,,,,,,,,,,,,,,,,,,,,,,,,,,,,,,,,,,,,,,,,,,,,,,,,,,,,,,,3,6,14,5,5,6,6,4,11,6,11,11,0,1,3,3,6,2,9,7,18,15,13,24,11,10,17,14,9,16,16,12,6,10,9,22,8,4,9,9,15,12,5,11,15,14,14,9,11,9,11,0,9,12,10,9,13,9,11,11,13,10,18,12,15,12,8,27,27,30,43,58,27,23,19,35,20,20,17,17,18,23,14,10,9,3,4,9,7,15,6,6,15,4,5,7,5,6,8,8,10,12,10,9,10,11,6,10,3,4,13,6,7,15,14,17,8,15,22,20,23,24,17,12,10,13,14,23,17,25,22,22,9,14,16,18,16,14,13,13,24,29,27,15,16,22,35,21,19,16,2,2,1,3,3,2,10,5,8,0,0,0,1,0,2,4,0,1,3,22,13,16,15,22,18,24,15,30,29,24,17,17,5,7,0,0,0,0,9,12,,0,1,0,0
Africa,NG,Nigeria,Daily Trust (Nigeria),,,,,,,,,,,,,,,,,,,,,,,,,,,,,,,,,,,,,,,,,,,,,,,,,,,,,,,,,,,,,,,,,,,,,,,,,12,21,21,5,11,9,4,8,15,10,18,7,6,8,2,4,4,13,19,18,20,23,26,25,8,15,13,16,13,9,7,6,8,6,8,8,12,9,14,7,17,16,6,5,9,8,6,6,10,6,6,2,15,5,5,3,1,8,4,7,4,2,3,8,9,8,10,14,17,18,22,18,14,8,11,7,17,5,9,4,18,8,17,5,2,1,7,1,2,6,6,6,2,1,2,2,7,3,3,5,2,0,2,3,2,3,2,2,2,2,4,4,1,6,6,2,3,4,4,7,4,2,6,2,3,4,3,3,8,4,2,2,2,4,2,2,6,7,4,5,1,9,4,4,0,0,4,1,1,7,3,6,6,4,3,0,0,3,2,2,0,3,0,1,1,1,4,5,0,13,5,11,10,19,11,7,17,14,9,6,5,4,7,3,4,9,9,3,4,4,4,0,3,4,3
Africa,NG,Nigeria,Vanguard (Nigeria),,,,,,,,,,,,,,,,,,,,,,,,,,,,,,,,,,,,,,,,,,,,,,,,,,,,,,,,,,,,,,,,,,,,,,,,,6,13,14,6,16,5,3,4,2,8,11,9,6,7,15,2,7,3,9,9,4,7,6,4,3,5,14,7,7,4,7,8,12,27,10,7,7,10,11,9,7,18,7,7,3,5,4,11,7,5,10,7,7,8,5,4,12,8,7,2,3,1,4,5,9,13,7,7,9,10,24,21,9,13,8,10,13,2,3,4,9,2,5,1,0,1,4,2,2,5,7,2,6,2,3,3,11,6,5,8,5,2,10,1,3,7,4,3,2,1,4,5,3,6,1,0,1,4,4,5,6,5,5,1,2,1,4,8,10,3,7,11,2,15,5,3,5,8,7,7,10,15,10,3,2,6,3,2,5,7,1,7,8,8,2,5,1,0,1,8,5,8,0,4,5,5,4,8,3,4,0,1,9,8,3,4,15,8,3,6,5,2,1,8,6,4,4,10,4,2,6,3,2,1,2
Africa,RW,Rwanda,The New Times (Rwanda),,,,,,,,,,,,,,,,,,,,,,,,,,,,,,,,,,,,,,,,,,,,,,,,,,,,,,,,,,,,,,,,,,,,,,,,,4,10,8,4,7,2,2,2,7,3,8,5,1,4,3,4,3,5,2,9,7,10,10,4,5,5,9,6,7,9,11,5,5,3,6,3,3,8,6,8,8,11,2,2,3,4,7,3,2,2,3,4,10,21,9,9,8,16,10,6,11,14,14,4,14,12,17,9,10,10,19,21,10,18,9,11,16,17,13,15,29,35,23,13,7,5,2,7,11,4,5,10,8,9,8,9,4,2,11,7,5,2,2,1,6,1,5,9,5,5,3,1,7,7,6,8,6,10,16,7,4,6,5,2,4,3,9,0,12,3,4,12,5,4,5,7,7,4,6,6,10,15,13,4,7,8,14,6,11,39,7,9,14,7,20,13,11,12,7,4,10,19,8,18,28,18,38,27,4,5,13,2,25,22,7,7,15,15,18,13,6,6,6,5,10,9,7,10,15,16,0,13,6,3,8
Africa,KE,Kenya,Daily Nation (Kenya),,,,,,,,,,,,,,,,,,,,,,,,,,,,,,,,,,,,,,,,,,,,,,,,,,,,,,,,,,,,,,,,,,,,,2,0,0,0,0,0,0,0,0,2,1,0,0,0,0,0,0,0,0,0,0,0,0,1,0,0,0,0,0,0,0,0,0,0,0,0,1,0,2,0,0,2,4,10,6,9,6,7,7,6,18,6,12,13,8,6,8,10,10,4,12,15,7,8,12,6,6,2,8,9,12,12,27,19,21,24,11,9,13,16,20,9,18,9,18,19,22,18,18,16,26,16,21,28,21,8,19,13,23,26,18,24,38,23,26,26,18,21,15,29,37,22,21,29,40,31,35,21,16,23,37,35,25,39,44,25,17,19,23,9,2,3,9,3,4,4,9,7,5,14,3,6,8,5,17,21,30,9,13,14,31,9,12,17,19,7,30,32,77,26,19,22,24,16,26,24,20,17,32,28,21,25,14,17,18,11,17,16,14,25,6,14,26,11,18,36,59,59,54,51,58,48,64,44,43,43,24,30,36
Africa,ZM,Zambia,The Times of Zambia (Zambia),,,,,,,,,,,,,,,,,,,,,,,,,,,,,,,,,,,,,,,,,,,,,,,,,,,,,,,,,,,,,,,,,,,,,,,,,2,2,3,2,9,6,5,3,3,3,0,0,0,3,10,4,13,6,4,6,5,6,15,5,7,4,3,4,3,3,4,3,6,5,2,2,7,2,2,0,1,2,5,4,5,6,5,5,4,5,4,4,2,1,0,2,3,3,4,3,2,6,1,10,1,3,7,13,14,10,12,9,15,5,2,8,12,2,2,0,0,0,0,1,1,0,0,0,0,0,0,3,0,0,0,2,4,1,0,1,0,0,0,0,0,0,0,0,0,0,1,0,0,0,1,1,0,0,0,0,0,0,0,1,1,0,0,0,0,0,0,0,0,0,0,1,1,0,0,1,0,0,1,2,1,3,2,0,0,0,0,1,0,0,0,0,1,1,1,0,0,0,0,0,0,0,0,0,0,1,0,0,0,0,0,0,0,0,1,0,0,0,0,0,0,0,0,0,0,0,11,0,0,0,0
Africa,,Namibia,New Era Nimibia (Namibia),,,,,,,,,,,,,,,,,,,,,,,,,,,,,,,,,,,,,,,,,,,,,,,,,,,,,,,,,,,,,,,,,,,,,,,,,,,1,1,1,7,8,12,7,9,3,0,0,0,0,0,2,0,1,7,2,4,5,1,2,1,8,6,2,7,7,6,3,9,8,7,1,3,5,3,16,2,1,3,8,5,4,4,2,1,7,3,1,3,2,6,5,4,4,2,4,2,9,8,6,7,7,8,14,15,10,6,4,8,4,4,8,4,1,3,2,1,2,3,1,0,0,1,4,1,2,1,3,4,5,2,4,4,4,5,3,2,3,1,1,0,3,0,4,3,1,1,1,4,3,2,1,4,3,1,1,3,1,0,0,1,0,3,2,6,2,3,0,3,0,2,5,4,0,0,2,10,6,2,2,1,4,2,0,5,0,1,3,0,0,0,1,0,0,0,1,1,0,0,2,3,1,0,0,1,1,2,0,1,0,0,3,3,3,1,0,1,1,1,3,4,1,2,1,2,3,0,1,1,0
Africa,TZ,Tanzania,The Citizen (Tanzania),,,,,,,,,,,,,,,,,,,,,,,,,,,,,,,,,,,,,,,,,,,,,,,,,,,,,,,,,,,,,,,,,,,,,,,,,,,,,,,,,,,,,,,,,,,,,,,,,,,,,,,,,,,,,,,,,,,,,,12,6,5,4,1,8,11,14,10,12,11,6,6,10,6,2,6,3,2,6,9,2,4,13,9,9,16,0,2,11,9,3,7,13,8,4,8,15,8,20,7,15,12,10,22,11,5,18,9,11,6,2,7,13,10,12,20,15,10,11,14,15,12,8,18,17,18,15,7,8,5,8,13,11,8,2,8,6,3,1,7,4,4,6,9,3,7,6,6,6,17,18,15,14,14,24,20,35,33,13,16,17,8,19,21,1,5,9,30,37,25,32,14,19,16,22,28,28,19,39,22,39,42,22,34,34,23,33,33,20,24,21,0,36,24,8,25,31,20,15,21,18,23,25,16,22,20,15,19,19
Africa,BF,Burkina Faso,L’Observateur Paalga (French) (Burkina Faso),,,,,,,,,,,,,,,,,,,,,,,,,,,,,,,,,,,,,,,,,,,,,,,,,,,,,,,,,,,,,,,,,,,,,,,,,0,0,0,1,1,0,1,1,3,2,0,1,0,1,0,0,1,1,0,1,0,0,0,0,0,1,1,0,0,0,1,1,0,2,0,0,0,1,0,0,0,1,1,0,1,0,0,2,0,0,0,0,1,0,1,0,1,0,0,0,0,1,1,0,1,1,0,1,0,0,2,1,1,2,1,0,0,2,2,2,0,0,2,1,0,2,3,0,0,0,0,1,1,0,4,2,1,0,0,0,2,0,1,1,0,0,0,3,1,1,0,2,1,1,1,2,3,0,2,1,1,1,0,0,0,1,0,1,1,0,0,0,1,0,1,0,0,1,1,0,0,0,2,0,0,1,0,0,0,1,2,0,0,0,1,0,0,0,1,0,0,0,0,0,0,0,0,2,0,0,0,0,0,0,0,1,2,1,0,0,0,1,0,0,1,1,0,0,0,0,0,0,0,1,1
Africa,MA,Morocco,La Nouvelle Tribune (French) (Morocco),,,,,,,,,,,,,,,,,,,,,,,,,,,,,,,,,,,,,,,,,,,,,,,,,,,,,,,,,,,,,,,,,,,,,,,,,,,,,,,,,,,,,,,,,,,,,,0,2,2,4,2,4,0,3,0,1,0,2,1,1,0,0,0,2,1,1,2,0,0,1,0,2,0,0,1,1,0,1,2,1,0,7,2,1,14,4,3,13,6,9,10,4,2,7,13,21,23,13,10,11,13,16,14,17,10,37,27,77,11,10,7,12,7,23,17,13,5,11,8,20,9,4,3,13,4,5,1,11,3,6,4,18,14,3,12,9,4,10,18,12,14,18,10,17,27,22,13,2,0,4,2,2,0,4,6,6,11,4,3,6,4,10,11,6,0,2,5,12,1,3,5,7,1,5,7,3,2,13,13,17,9,2,6,10,11,20,9,11,15,17,24,10,14,5,15,11,19,9,9,8,6,7,9,8,8,9,5,7,12,8,10,12,3,1,10,10,4,3,10,2
Africa,SN,Senegal,Sud Quotidien (French) (Senegal),,,,,,,,,,,,,,,,,,,,,,,,,,,,,,,,,,,,,,,,,,,,,,,,,,,,,,,,,,,,,,,,,,,,,,,,,,,1,8,1,3,1,0,2,8,0,5,2,4,0,2,5,5,0,1,6,7,1,1,0,1,3,4,0,2,4,3,6,2,2,1,1,2,4,0,4,2,0,2,3,2,1,3,2,4,3,1,3,6,1,3,7,2,4,5,3,8,0,4,2,2,6,0,9,8,8,9,1,2,3,1,6,3,1,0,0,2,9,7,1,3,4,3,2,3,7,2,6,6,1,2,5,2,1,1,4,2,1,1,0,2,5,3,0,0,4,1,0,1,0,1,10,1,4,6,2,3,3,1,0,2,1,1,0,3,4,8,3,2,4,3,3,10,7,3,6,1,3,0,0,0,2,0,1,0,5,4,8,5,9,3,0,5,5,4,6,4,4,4,6,10,8,6,3,3,3,5,14,3,6,4,12,5,6,4,4,6,2,5,0,4,8,1,6,7,6,3,14,13,1
Oceania,AU,Australia,Age (Australia),19,13,15,21,28,59,20,27,39,37,35,31,28,58,27,41,34,53,48,39,55,58,47,50,76,59,48,69,70,60,55,62,111,196,295,170,153,262,183,218,271,358,203,158,241,225,340,264,145,153,248,236,200,177,405,169,187,177,167,200,101,171,177,134,157,155,172,152,174,222,313,356,117,172,165,116,195,177,244,228,178,104,151,101,95,121,188,129,134,167,224,105,88,100,107,103,45,68,79,80,84,83,94,41,51,54,86,70,85,56,69,66,72,69,78,89,157,111,97,68,54,57,76,78,66,109,82,51,78,84,155,87,57,54,85,57,68,107,94,85,104,79,147,129,57,76,61,68,119,97,69,60,74,63,75,80,58,80,61,70,55,85,67,49,77,100,55,52,64,49,47,61,54,54,48,115,58,132,77,108,81,103,59,38,210,86,58,115,160,130,167,164,227,177,78,70,84,69,51,65,71,69,135,113,115,100,96,116,114,127,104,143,140,227,198,115,79,86,142,165,212,121,155,127,108,118,135,88,93,73,98,85,84,71,75,112,91,77,94,89,75,65,100,74,63,96,56,63,72,64,74,63,100,67,80,73,95,49,61,54,111,62,121,54,70,57,52
Oceania,AU,Australia,Australian (Australia),18,19,23,14,34,63,28,21,33,39,33,29,7,0,0,0,0,1,64,70,48,57,51,55,104,45,79,60,100,75,71,58,128,156,316,141,147,275,269,279,303,294,255,195,433,430,493,256,151,192,260,251,227,235,458,276,259,216,183,220,171,214,262,159,226,224,258,273,290,396,562,683,258,409,279,219,236,232,353,302,316,237,196,210,128,174,315,238,235,319,385,184,169,177,172,161,93,130,178,139,154,146,150,118,116,92,129,103,109,90,81,84,84,98,128,93,173,119,154,51,83,66,70,,93,200,120,96,120,119,259,104,93,114,114,99,137,148,165,158,171,135,143,174,101,95,103,114,152,120,93,59,84,96,114,147,90,136,95,55,74,181,142,82,110,141,85,73,97,79,91,82,76,77,100,155,112,199,138,193,90,157,237,230,346,140,133,191,221,233,236,219,309,334,116,53,74,77,78,69,79,100,178,102,130,117,113,141,107,184,115,133,172,262,252,169,103,143,150,189,287,183,202,139,179,128,188,133,101,140,159,108,114,75,107,146,151,93,155,132,101,81,139,112,95,184,123,88,98,93,181,101,105,80,104,84,124,54,101,101,231,135,191,67,38,62,57
Oceania,AU,Australia,Courier Mail (Australia),7,27,18,12,27,31,28,18,12,20,16,21,18,35,11,14,23,29,38,17,23,27,22,16,49,31,28,34,34,44,42,45,93,111,165,76,69,181,124,140,137,155,123,106,182,174,202,180,75,96,126,107,94,98,183,98,119,113,111,103,57,64,95,56,102,87,71,130,96,110,189,233,111,89,72,80,72,64,115,101,92,65,52,50,40,46,96,67,63,110,125,42,43,54,40,38,29,28,43,28,39,43,36,38,24,17,30,27,42,35,27,20,34,37,38,17,63,46,42,24,36,24,19,32,21,64,38,28,30,25,111,55,19,29,29,12,42,27,41,46,54,25,37,39,16,16,30,46,42,34,32,19,23,29,42,43,23,41,29,13,17,64,53,19,34,35,25,15,22,27,26,21,16,16,37,57,29,60,34,63,22,47,74,101,155,69,65,86,89,84,89,77,100,76,28,10,14,16,29,23,24,26,37,29,18,45,28,33,23,31,21,37,47,116,69,44,28,29,63,76,110,50,54,41,42,45,55,46,20,26,29,35,29,25,23,31,25,16,38,36,21,12,22,19,13,35,23,18,14,26,26,31,21,10,28,26,28,14,24,29,53,39,51,24,14,13,17
Oceania,AU,Australia,"Daily Telegraph & Sunday Telegraph, Sydney (Australia)",20,22,18,13,32,41,16,9,13,28,6,24,12,40,15,11,21,31,59,13,24,27,31,23,45,22,29,22,30,25,15,22,79,71,162,102,81,171,110,154,164,152,154,124,200,170,189,166,75,64,90,102,71,83,201,83,108,73,72,81,71,64,57,53,53,50,76,82,69,97,148,241,101,123,73,85,65,56,300,207,71,88,55,57,64,79,111,62,95,142,155,55,44,47,69,89,51,55,71,62,57,52,63,42,41,31,40,37,53,44,50,34,39,65,55,28,89,92,55,33,41,28,17,22,39,95,37,23,30,41,84,44,25,50,33,19,24,24,51,38,71,31,68,79,29,21,38,34,35,50,31,20,35,39,39,63,30,42,34,9,21,76,56,18,33,45,25,30,25,19,23,20,18,20,37,60,31,73,35,68,44,71,75,104,170,58,43,80,97,85,85,101,109,79,40,27,39,28,28,30,33,43,51,37,43,54,32,59,58,61,20,41,47,133,92,48,30,56,59,91,115,73,82,60,64,59,83,57,38,40,69,47,35,29,38,44,30,31,41,33,38,30,46,29,23,55,46,41,28,42,58,33,37,29,44,39,51,34,31,34,57,48,75,33,19,26,32
Oceania,NZ,New Zealand,The Post (New Zealand),7,6,6,11,4,7,7,12,9,8,11,9,10,23,11,9,11,21,11,13,9,13,9,10,6,14,33,19,17,13,17,13,16,26,45,47,28,31,23,33,35,32,28,21,45,29,40,41,27,22,29,18,32,32,12,23,14,16,25,21,14,15,11,13,15,8,19,39,31,22,37,73,9,24,9,14,12,14,9,14,8,15,14,8,3,2,2,6,9,9,12,4,7,1,8,8,7,4,17,23,18,25,24,13,9,17,25,29,12,10,21,19,27,17,9,20,28,29,35,10,35,19,14,60,27,28,23,17,23,21,31,29,30,21,26,8,22,34,36,24,34,21,31,53,20,21,23,30,40,21,25,23,36,37,40,33,23,34,37,40,32,56,45,47,50,58,55,38,29,30,52,50,37,27,37,27,38,43,50,61,46,60,60,55,84,78,100,102,131,130,108,84,90,76,52,29,39,26,44,26,49,64,52,68,44,72,58,62,66,92,82,67,99,116,112,75,40,29,67,75,137,101,76,64,59,74,72,51,62,58,87,64,72,61,61,2,31,45,45,43,27,24,30,32,30,31,17,31,31,21,21,26,28,25,25,19,29,23,23,24,20,25,25,18,31,15,24
Oceania,NZ,New Zealand,New Zealand Herald (New Zealand),15,15,18,17,11,16,8,9,6,19,17,8,11,20,11,9,16,32,20,14,25,30,10,15,18,16,25,15,22,18,19,17,22,37,82,48,40,71,65,72,83,72,71,68,118,112,115,119,59,67,60,77,109,68,54,42,64,63,70,72,39,50,54,34,50,22,35,74,72,58,98,128,52,50,30,50,50,49,50,54,48,29,38,67,38,28,28,25,25,45,37,26,52,35,42,39,14,27,38,37,24,20,41,32,31,33,60,55,58,34,43,44,30,40,44,51,91,66,95,59,68,55,63,51,58,49,36,41,26,26,35,22,18,21,19,18,33,34,43,29,47,36,45,82,40,34,17,32,33,21,29,30,31,33,71,28,45,27,52,31,35,49,34,46,81,100,43,62,52,58,68,101,52,69,57,59,59,92,101,138,131,115,142,99,123,115,159,154,169,203,133,125,144,106,81,54,69,69,74,72,95,151,155,56,95,92,62,95,112,122,122,68,78,104,131,84,46,43,107,102,176,115,186,141,170,152,114,71,66,117,96,69,85,77,74,118,81,67,69,50,45,28,24,41,26,41,55,46,33,38,58,33,45,28,41,30,29,20,39,25,38,35,49,38,30,28,19
Oceania,NZ,New Zealand,Press (ChristChurch - New Zealand),11,5,3,12,7,1,4,8,9,5,7,5,7,8,5,7,16,11,26,12,14,9,12,17,13,16,20,14,16,12,15,7,16,38,56,55,29,43,29,24,35,22,43,25,24,29,37,41,35,39,55,21,38,33,2,22,24,24,15,17,13,12,34,21,22,18,22,35,32,20,54,68,33,24,11,5,9,2,3,4,0,0,6,3,6,2,0,1,3,3,5,2,2,0,0,5,2,0,11,12,22,14,18,16,14,13,20,18,12,9,24,19,15,11,10,20,13,16,28,4,25,12,21,27,20,18,11,11,31,22,23,24,37,11,9,14,22,38,42,22,31,27,33,50,19,16,15,27,33,21,18,29,35,30,40,33,30,25,27,34,34,41,33,36,37,56,54,28,30,30,48,41,32,27,40,36,45,55,46,80,50,54,74,42,110,72,88,103,119,109,97,69,74,60,54,30,40,22,42,26,45,59,41,50,50,69,51,56,56,94,67,55,72,78,93,49,45,34,54,69,107,63,82,55,74,63,60,43,43,80,66,60,87,53,53,53,24,38,48,46,27,30,31,20,26,24,19,20,11,19,23,20,18,19,24,16,22,21,28,28,30,28,21,21,26,22,18
Oceania,AU,Australia,Sydney Morning Herald (Australia),28,21,27,16,41,64,41,30,42,32,37,25,34,35,28,47,42,55,59,33,51,49,42,30,86,49,52,42,77,58,60,52,94,133,235,172,136,216,238,218,248,332,184,165,254,235,230,220,99,111,174,154,141,133,244,126,162,133,146,151,97,146,211,116,113,158,168,158,157,217,307,326,150,184,163,131,182,140,223,229,156,145,137,109,70,113,197,177,155,185,253,91,127,176,96,93,54,65,79,76,93,85,82,70,63,52,98,75,69,81,53,56,58,80,77,77,162,133,105,54,65,64,58,60,65,99,74,74,95,87,163,99,54,52,66,72,81,112,86,102,117,97,130,123,67,84,66,71,125,100,70,54,75,42,74,81,64,76,77,74,53,91,70,53,87,89,60,43,58,57,54,66,54,54,43,108,78,137,110,96,81,126,77,137,192,96,67,120,157,121,197,222,274,214,84,68,85,79,68,98,94,79,135,121,117,109,107,128,119,129,99,145,148,229,220,115,91,94,161,163,197,124,168,122,103,109,151,115,85,86,106,79,80,67,83,118,95,89,95,96,72,68,98,70,69,114,67,59,67,75,92,76,108,66,85,79,97,54,84,54,115,77,109,53,64,28,68
